Depth,TotalNodes,PVNodes,ResearchedNodes,ResearchRate(%),Score,Time(s)
1,930,61,2,3.27869,20,0.0025227
2,2754,270,3,1.11111,-15,0.0073456
3,21352,4204,12,0.285442,50,0.0404439
4,92813,19396,15,0.0773355,-15,0.152588
5,165777,35318,9,0.0254828,90,0.277684
1,630,310,2,0.645161,-310,0.0003267
2,1132,277,2,0.722022,-340,0.0050751
3,44748,21131,3,0.0141972,-465,0.040608
4,29944,19523,0,0,-465,0.0420984
5,191394,74494,3,0.00402717,-460,0.389019
1,930,61,2,3.27869,20,0.0021285
2,2754,270,3,1.11111,-15,0.0058338
3,21352,4204,12,0.285442,50,0.0336769
4,92813,19396,15,0.0773355,-15,0.155775
5,165777,35318,9,0.0254828,90,0.256782
1,630,310,2,0.645161,-310,0.0004487
2,1132,277,2,0.722022,-340,0.0058439
3,44748,21131,3,0.0141972,-465,0.0422278
4,29944,19523,0,0,-465,0.0465426
5,191394,74494,3,0.00402717,-460,0.368252
1,155,53,2,3.77358,0,0.0001434
2,627,224,3,1.33929,-40,0.0005366
3,7320,2802,6,0.214133,-50,0.006653
4,48428,17490,6,0.0343053,-110,0.0519418
5,444026,139916,26,0.0185826,-135,0.577208
1,131,64,0,0,25,6.95e-05
2,656,212,2,0.943396,10,0.0008251
3,4312,2010,0,0,10,0.0019667
4,25165,10346,4,0.0386623,40,0.0263805
5,404779,162647,37,0.0227487,-25,0.3553
1,582,276,1,0.362319,10,0.0004213
2,636,347,1,0.288184,-30,0.0010548
3,58146,27967,5,0.0178782,-75,0.0394673
4,87927,41256,10,0.0242389,-120,0.121825
5,3525777,1671708,6,0.000358914,-50,2.21117
1,530,257,0,0,185,0.0006851
2,1495,392,2,0.510204,165,0.0021639
3,40402,19312,1,0.00517813,175,0.019772
4,197516,66100,3,0.00453858,155,0.238156
5,588805,248061,1,0.000403127,210,0.475527
1,1646,676,0,0,-150,0.0026232
2,3408,1122,2,0.178253,-150,0.0093056
3,234967,99802,15,0.0150298,-150,0.239975
4,759141,209412,4,0.00191011,-190,2.06289
5,13939612,6395304,8,0.000125092,-140,11.2511
1,610,270,0,0,30,0.0004233
2,1476,409,1,0.244499,20,0.0038523
3,54303,22589,4,0.0177077,20,0.0515649
4,256892,92141,18,0.0195353,-15,0.501324
5,3292049,1410281,16,0.00113453,-10,2.96114
1,128,61,0,0,150,8.29e-05
2,6661,1805,0,0,90,0.0089624
3,10477,3734,6,0.160686,155,0.0097884
4,373962,157308,1,0.000635696,90,0.280563
5,970975,387008,24,0.00620142,155,1.01975
1,1037,515,2,0.38835,0,0.0004796
2,4218,1483,2,0.134862,-50,0.0075422
3,299916,148354,5,0.00337032,-35,0.128304
4,873953,221526,10,0.00451414,-50,1.54277
5,7339037,3321898,14,0.000421446,-40,4.31297
1,198,59,3,5.08475,185,0.0002549
2,2781,998,4,0.400802,135,0.0030197
3,10883,4336,5,0.115314,110,0.0108571
4,118158,52525,4,0.00761542,110,0.133443
5,235141,95817,6,0.00626194,80,0.275035
1,121,59,0,0,45,6.56e-05
2,1001,416,1,0.240385,70,0.0017328
3,5522,2120,3,0.141509,70,0.0059227
4,93832,43813,3,0.00684728,115,0.0482087
5,298012,112299,11,0.00979528,35,0.30769
1,237,65,1,1.53846,-35,0.0003522
2,607,173,0,0,-35,0.0007558
3,25977,8538,5,0.0585617,-90,0.0267037
4,39851,11744,1,0.00851499,-155,0.0486628
5,354570,140926,6,0.00425755,-110,0.273162
1,262,118,1,0.847458,-135,0.0001761
2,1145,443,0,0,-175,0.0014178
3,13246,4860,6,0.123457,-145,0.0275656
4,603852,290396,10,0.00344357,-90,0.360164
5,99290,65846,2,0.00303739,-95,0.121483
1,102,46,2,4.34783,-5,6.86e-05
2,341,123,0,0,-15,0.0004111
3,5052,2131,5,0.234632,-55,0.0042782
4,55707,24847,15,0.0603695,-25,0.0406356
5,256415,92978,9,0.00967971,-40,0.326714
1,91,43,1,2.32558,-10,5.21e-05
2,1596,554,3,0.541516,40,0.0013723
3,834,305,0,0,40,0.0005386
4,25752,11451,13,0.113527,80,0.0134916
5,35793,12152,3,0.0246873,80,0.0381325
1,1386,507,2,0.394477,-50,0.0027562
2,2618,1078,1,0.0927644,-70,0.0041226
3,97488,44768,13,0.0290386,-40,0.0719781
4,335670,147783,8,0.00541334,-70,0.388212
5,3484483,1612662,6,0.000372056,-70,2.22943
1,320,157,0,0,380,0.0001711
2,2668,997,7,0.702106,305,0.0048785
3,18368,8611,1,0.0116131,320,0.012535
4,137225,44478,3,0.00674491,290,0.329645
5,532887,227988,4,0.00175448,330,0.628325
1,240,94,1,1.06383,60,0.0002782
2,777,245,1,0.408163,60,0.0010911
3,4454,1838,0,0,60,0.003465
4,30300,13005,0,0,60,0.0225143
5,139363,55909,2,0.00357724,10,0.134959
1,172,81,0,0,225,9.77e-05
2,2801,975,2,0.205128,175,0.003428
3,5164,2049,3,0.146413,185,0.003968
4,120284,45985,12,0.0260955,185,0.0994388
5,258206,119249,4,0.00335433,245,0.233929
1,82,32,0,0,100,9.04e-05
2,482,159,2,1.25786,110,0.0006246
3,3448,1309,1,0.0763942,60,0.0035035
4,36682,14878,10,0.0672133,20,0.0267729
5,207280,81660,8,0.00979672,30,0.172311
1,275,131,0,0,10,0.0002002
2,1423,456,5,1.09649,-60,0.0019336
3,24421,10816,2,0.0184911,-80,0.0165031
4,88162,33586,7,0.020842,-130,0.102133
5,2515192,1092012,37,0.00338824,-90,1.87053
1,162,77,1,1.2987,100,9.93e-05
2,4196,1151,2,0.173762,30,0.0107722
3,19670,7716,5,0.0648004,80,0.0242828
4,403204,166227,21,0.0126333,50,0.453585
5,822819,228874,6,0.00262153,90,1.92331
1,759,375,1,0.266667,-125,0.0003119
2,614,229,0,0,-170,0.000633
3,43780,21060,1,0.00474834,-220,0.0180093
4,42436,30059,1,0.00332679,-255,0.0565614
5,242271,96715,3,0.0031019,-185,0.15333
1,110,52,0,0,115,7.17e-05
2,395,140,0,0,20,0.0003547
3,8844,4020,4,0.0995025,-230,0.0056134
4,7962,3682,2,0.0543183,-240,0.0083268
5,60164,24557,2,0.00814432,-260,0.0440245
1,378,175,1,0.571429,60,0.0002511
2,4512,1493,3,0.200938,-40,0.0106197
3,34144,15606,1,0.00640779,10,0.0345205
4,265960,93630,8,0.00854427,-5,0.944553
5,1374248,586722,1,0.000170438,0,1.82886
1,504,246,0,0,140,0.0003117
2,1621,460,4,0.869565,105,0.0023827
3,21009,9141,6,0.0656383,105,0.012761
4,137118,60426,3,0.00496475,90,0.17775
5,1571047,716066,19,0.00265339,120,1.26718
1,562,278,0,0,60,0.0002951
2,2026,611,4,0.654664,60,0.0041272
3,36959,17722,1,0.0056427,80,0.0192036
4,120427,51954,2,0.00384956,40,0.235437
5,540719,233532,10,0.00428207,95,0.955903
1,148,70,1,1.42857,80,8.66e-05
2,272,148,1,0.675676,-55,0.0003263
3,649,290,2,0.689655,40,0.0004501
4,8039,3051,7,0.229433,-80,0.0073047
5,8453,4519,2,0.0442576,60,0.0090691
1,689,262,0,0,10,0.0005996
2,1651,549,6,1.0929,-30,0.0020098
3,122527,50718,9,0.0177452,-30,0.0857232
4,205720,107408,3,0.00279309,-95,0.186731
5,4463793,1977309,11,0.000556312,-65,2.66928
1,472,187,2,1.06952,-10,0.0005122
2,985,314,3,0.955414,-40,0.003094
3,41078,18392,9,0.0489343,-30,0.034222
4,85835,36422,8,0.0219647,-40,0.185985
5,464019,205878,15,0.00728587,30,0.512159
1,87,34,1,2.94118,260,7.13e-05
2,1892,529,10,1.89036,315,0.0020563
3,2062,830,4,0.481928,355,0.0013254
4,16030,6917,12,0.173486,450,0.0117084
5,12258,4737,1,0.0211104,405,0.0128345
1,576,229,0,0,-10,0.0006968
2,1678,624,0,0,-10,0.0027081
3,78835,38281,1,0.00261226,-20,0.0395557
4,222454,98274,7,0.00712294,-10,0.275842
5,2130584,959332,15,0.00156359,-5,2.79207
1,215,103,1,0.970874,-40,0.0001137
2,1601,629,2,0.317965,-70,0.0023987
3,13734,5593,1,0.0178795,-95,0.0121369
4,178871,85105,5,0.0058751,-140,0.645599
5,1223467,605741,16,0.00264139,-160,1.19588
1,960,464,2,0.431034,-50,0.0004223
2,1810,519,0,0,-120,0.0017953
3,150086,67435,10,0.0148291,-190,0.0908185
4,91527,44795,4,0.00892957,-235,0.144614
5,1501179,683904,9,0.00131597,-210,0.738576
1,188,83,1,1.20482,80,0.0001167
2,2406,966,6,0.621118,50,0.0018129
3,13710,5550,6,0.108108,60,0.0094103
4,231059,101063,8,0.00791585,25,0.173059
5,1426247,450631,8,0.00177529,40,2.01048
1,484,239,0,0,160,0.0003219
2,2219,628,0,0,70,0.0045578
3,87070,41971,10,0.023826,120,0.0429128
4,295677,120822,6,0.00496598,60,0.447915
5,2116980,1014769,8,0.000788357,90,1.22766
1,162,70,1,1.42857,240,0.0001279
2,394,205,1,0.487805,240,0.0006682
3,1074,377,0,0,240,0.0012786
4,10374,4269,5,0.117123,230,0.0078239
5,29485,13909,0,0,230,0.0363992
1,97,44,0,0,-40,6.3e-05
2,581,215,1,0.465116,-80,0.0005655
3,4075,1492,4,0.268097,-60,0.0040061
4,22411,9804,9,0.0917993,-60,0.0190035
5,163729,62457,15,0.0240165,-50,0.1404
1,235,98,2,2.04082,-180,0.0001532
2,905,391,3,0.767263,-200,0.0005445
3,5780,2054,7,0.340798,-230,0.0051211
4,21387,7183,3,0.0417653,-235,0.0392585
5,269671,78679,14,0.0177938,-180,0.322892
1,506,250,0,0,165,0.0003558
2,2401,719,2,0.278164,-10,0.0044535
3,91610,41951,11,0.0262211,15,0.051952
4,272952,106845,12,0.0112312,-45,0.300008
5,5282414,2420769,21,0.000867493,-15,2.92135
1,488,241,0,0,120,0.0001997
2,1358,414,3,0.724638,80,0.0031492
3,55998,25797,6,0.0232585,60,0.0346665
4,130439,51667,15,0.0290321,80,0.215217
5,2545463,1163143,15,0.00128961,30,1.87503
1,736,226,1,0.442478,-70,0.0010153
2,1851,389,4,1.02828,-190,0.0033169
3,32737,13877,6,0.043237,-190,0.0228418
4,67310,18534,6,0.0323729,-165,0.106069
5,2364493,1086585,50,0.00460157,-270,1.32804
1,395,190,0,0,50,0.0002944
2,1424,572,1,0.174825,0,0.0025495
3,60493,27813,11,0.0395499,25,0.0478075
4,421203,113437,3,0.00264464,-35,1.11481
5,4616918,2090312,32,0.00153087,-5,3.75085
1,302,116,2,1.72414,-50,0.0003689
2,822,323,2,0.619195,-60,0.0010023
3,9354,4209,2,0.0475172,-50,0.0054592
4,211084,97853,11,0.0112414,-90,0.166013
5,312743,135350,4,0.0029553,-40,0.280016
1,900,444,0,0,-50,0.0004189
2,1838,571,2,0.350263,-50,0.0035184
3,49046,22132,4,0.0180734,-35,0.0357204
4,490771,186856,4,0.00214069,-65,0.896478
5,3462658,1492922,8,0.000535862,-45,3.52795
1,306,150,0,0,145,0.0001926
2,1204,298,1,0.33557,145,0.0031171
3,9809,4106,2,0.0487092,200,0.0082439
4,125065,48794,3,0.0061483,170,0.279014
5,147377,60644,2,0.00329794,245,0.343303
1,316,82,0,0,200,0.0004662
2,7662,838,8,0.954654,95,0.0148038
3,16625,3420,13,0.380117,190,0.0253056
4,137464,22501,15,0.0666637,115,0.24002
5,243340,48216,9,0.018666,170,0.398912
1,502,247,1,0.404858,-30,0.0002288
2,2452,628,3,0.477707,-60,0.0107188
3,72560,33273,12,0.0360653,-50,0.0733363
4,479064,171415,5,0.0029169,-60,1.05361
5,3060482,1317600,21,0.00159381,-45,4.25886
1,679,332,1,0.301205,50,0.0003895
2,3392,1080,5,0.462963,10,0.0085065
3,89640,43551,6,0.013777,40,0.0476871
4,165608,70968,1,0.00140909,20,0.411708
5,4189481,1956375,9,0.000460035,20,2.95301
1,562,226,3,1.32743,-430,0.0003588
2,689,244,5,2.04918,-440,0.0005611
3,9159,4373,0,0,-410,0.0037165
4,19410,9366,3,0.0320307,-385,0.0094698
5,62843,24191,6,0.0248026,-400,0.0519681
1,329,154,0,0,20,0.0002311
2,1010,419,0,0,20,0.0026037
3,52442,24859,9,0.0362042,-65,0.0517995
4,431520,201636,11,0.00545538,-10,0.961213
5,1081636,509379,9,0.00176686,-10,1.2541
1,802,324,2,0.617284,-150,0.0005525
2,1499,398,1,0.251256,-215,0.0016298
3,42561,20123,1,0.00496944,-245,0.0210601
4,28980,22074,0,0,-245,0.0382971
5,193957,69471,1,0.00143945,-260,0.1735
1,150,72,0,0,80,9.08e-05
2,2173,898,2,0.222717,10,0.0048658
3,38140,11207,7,0.062461,-45,0.0743359
4,204194,94557,3,0.00317269,-50,0.150239
5,1853693,576809,27,0.00468093,-25,4.14663
1,1051,510,1,0.196078,-155,0.0004966
2,1565,720,1,0.138889,-205,0.002531
3,79039,36599,9,0.0245908,-195,0.0594788
4,165274,77740,2,0.00257268,-205,0.581777
5,1740300,696829,20,0.00287014,-185,2.28537
1,408,201,0,0,200,0.0002503
2,2734,843,4,0.474496,130,0.0077437
3,59480,28955,5,0.0172682,145,0.0311434
4,200511,52617,4,0.00760211,110,0.632537
5,2340659,1054446,17,0.00161222,115,2.14284
1,328,138,2,1.44928,-160,0.0002766
2,587,123,2,1.62602,-165,0.0010559
3,5203,1968,5,0.254065,-130,0.0045288
4,17072,7742,4,0.0516662,-165,0.0231322
5,49960,14142,10,0.0707114,-155,0.0851574
1,412,202,1,0.49505,-50,0.0002116
2,1656,653,1,0.153139,-90,0.0037929
3,17397,6757,4,0.0591979,-60,0.0182985
4,1134104,515986,18,0.00348847,-50,1.12549
5,390596,191168,5,0.0026155,25,0.44177
1,182,77,1,1.2987,80,0.0001645
2,3209,846,2,0.236407,30,0.0068469
3,20474,7256,14,0.192944,100,0.0363355
4,340680,134000,8,0.00597015,70,0.406793
5,621888,231928,15,0.00646752,105,1.30965
1,260,116,1,0.862069,195,0.0002504
2,869,339,2,0.589971,150,0.0011832
3,16740,7681,6,0.0781148,90,0.0132143
4,153240,70272,11,0.0156535,100,0.112987
5,646042,281611,55,0.0195305,30,0.751171
1,368,181,0,0,220,0.0002362
2,1693,435,0,0,145,0.0043368
3,50412,24676,4,0.0162101,145,0.0255943
4,181028,49408,5,0.0101198,155,0.499555
5,481955,184039,9,0.00489027,210,0.752539
1,73,30,1,3.33333,-110,5.75e-05
2,229,96,1,1.04167,-110,0.00016
3,857,227,1,0.440529,-110,0.0011598
4,9066,4119,4,0.0971109,-110,0.0065435
5,17615,6889,0,0,-130,0.0289727
1,138,65,1,1.53846,85,8.73e-05
2,6601,2981,4,0.134183,260,0.0061462
3,1787,624,1,0.160256,300,0.0019103
4,165592,81759,3,0.00366932,310,0.0819307
5,352177,204616,5,0.0024436,160,0.342518
1,1450,720,2,0.277778,-235,0.0004908
2,786,503,2,0.397614,-135,0.000983
3,5447,1739,3,0.172513,-150,0.0082179
4,101899,50124,5,0.00997526,-65,0.0421555
5,253391,138138,6,0.00434348,-45,0.196368
1,316,146,2,1.36986,-70,0.0001858
2,1974,903,3,0.332226,-85,0.0013484
3,5209,2367,0,0,-85,0.0036105
4,85596,39542,5,0.0126448,-75,0.109179
5,500564,216828,21,0.0096851,-110,0.574887
1,404,195,0,0,40,0.000211
2,2660,850,0,0,40,0.0083359
3,31676,14634,0,0,135,0.0272509
4,566244,267406,6,0.00224378,175,0.598273
5,1007207,455256,6,0.00131794,160,1.98914
1,146,70,0,0,240,0.0001173
2,2051,603,2,0.331675,110,0.0039684
3,2729,1130,1,0.0884956,230,0.0018155
4,121758,36438,8,0.0219551,150,0.190873
5,182229,68376,8,0.0117,190,0.202675
1,224,69,2,2.89855,60,0.0002607
2,2784,1045,11,1.05263,-60,0.0025786
3,16029,5269,14,0.265705,-50,0.0165247
4,81701,29321,16,0.0545684,-100,0.0781278
5,688338,252966,15,0.00592965,-105,0.637219
1,426,145,3,2.06897,30,0.000414
2,2282,636,3,0.471698,-25,0.0027991
3,43048,18024,11,0.0610297,5,0.0295332
4,107727,40241,5,0.0124251,-30,0.12013
5,1245083,515759,19,0.00368389,-5,0.910014
1,168,81,0,0,135,8.11e-05
2,4175,1311,1,0.0762777,25,0.0074083
3,13140,4317,8,0.185314,105,0.0235028
4,329982,122606,6,0.00489372,70,0.643835
5,725216,186322,9,0.00483035,115,2.03804
1,180,66,2,3.0303,0,0.0001568
2,1070,456,5,1.09649,45,0.0007674
3,2069,1058,4,0.378072,140,0.0020578
4,13929,6376,3,0.0470514,230,0.0071807
5,162805,63026,2,0.00317329,285,0.214886
1,259,124,1,0.806452,-240,0.0002231
2,858,277,4,1.44404,-230,0.0010269
3,4517,1804,1,0.0554324,-265,0.0031925
4,30901,11468,4,0.0348797,-260,0.023243
5,67088,25362,2,0.00788581,-260,0.0585754
1,201,94,0,0,-60,0.0001087
2,196,113,1,0.884956,-100,0.0002072
3,829,216,2,0.925926,-90,0.0009653
4,9708,4531,0,0,-215,0.006593
5,44677,19873,2,0.0100639,-160,0.0290648
1,284,130,0,0,-50,0.0001907
2,647,204,2,0.980392,-65,0.0008394
3,9026,4066,2,0.0491884,-60,0.0059219
4,88387,36276,12,0.0330797,-125,0.0723561
5,354301,162426,11,0.00677231,-90,0.211549
1,573,262,0,0,-145,0.0004868
2,813,273,0,0,-145,0.0021574
3,21212,8528,2,0.0234522,-150,0.0289317
4,116877,42506,12,0.0282313,-190,0.237676
5,1063621,449094,8,0.00178136,-155,1.13569
1,354,128,1,0.78125,-210,0.0003038
2,1216,341,6,1.75953,-280,0.0013352
3,8843,3708,0,0,-280,0.0055569
4,28639,10794,7,0.0648508,-305,0.0280593
5,177708,73037,1,0.00136917,-320,0.129226
1,92,43,0,0,325,6.2e-05
2,368,114,0,0,360,0.0005192
3,2272,1039,0,0,360,0.0010074
4,15081,5638,5,0.0886839,350,0.0151483
5,25062,9205,4,0.0434546,385,0.0238804
1,412,190,3,1.57895,-240,0.0001885
2,1075,318,2,0.628931,-310,0.0015235
3,10007,4730,1,0.0211416,-280,0.0042078
4,29759,10809,0,0,-240,0.12952
5,72403,25660,5,0.0194856,-220,0.111702
1,1406,643,1,0.155521,-20,0.0007813
2,6295,1456,3,0.206044,-80,0.0073305
3,120520,58225,7,0.0120223,5,0.0643671
4,542364,269136,7,0.00260092,85,0.298966
5,741202,271113,4,0.0014754,100,1.04103
1,1604,796,2,0.251256,-50,0.0005592
2,10859,4208,9,0.213878,-20,0.0327495
3,23768,10419,3,0.0287936,-10,0.0233775
4,827191,379706,17,0.00447715,-30,1.07733
5,7081931,2655962,20,0.000753023,-10,12.7468
1,527,170,0,0,-150,0.0006882
2,771,196,1,0.510204,-160,0.0012051
3,14011,5709,7,0.122613,-160,0.0113445
4,34784,10231,4,0.0390969,-180,0.0531337
5,284459,115701,10,0.00864297,-190,0.241276
1,126,60,0,0,130,6.31e-05
2,798,298,3,1.00671,145,0.0008123
3,4691,2185,0,0,150,0.0020187
4,23818,9310,5,0.0537057,60,0.0498927
5,82867,34538,3,0.00868608,75,0.0469366
1,210,66,3,4.54545,95,0.0002619
2,2071,720,9,1.25,120,0.0022782
3,8559,3129,8,0.255673,130,0.0114552
4,148990,64608,23,0.0355993,165,0.137603
5,172567,64992,2,0.0030773,130,0.233215
1,564,279,0,0,140,0.0002903
2,3617,1475,3,0.20339,55,0.0069471
3,80273,38351,4,0.01043,95,0.0437
4,180758,86024,5,0.00581233,60,0.225588
5,5128747,2362694,5,0.000211623,50,3.48473
1,102,47,0,0,410,7.23e-05
2,293,93,1,1.07527,395,0.0003039
3,661,281,2,0.711744,420,0.0004274
4,5083,2222,4,0.180018,390,0.0063069
5,16127,5281,2,0.0378716,415,0.016217
1,288,134,0,0,-190,0.0001488
2,289,108,0,0,-175,0.0002886
3,15696,7424,3,0.0404095,-230,0.0067385
4,13344,5039,1,0.0198452,-230,0.011111
5,221704,90793,21,0.0231295,-305,0.136197
1,273,109,1,0.917431,90,0.0002394
2,1168,294,2,0.680272,30,0.0017045
3,42978,17736,4,0.022553,-25,0.0302825
4,37501,10756,0,0,-25,0.0566146
5,626779,273725,15,0.00547995,-70,0.405584
1,116,55,0,0,55,7.4e-05
2,1333,301,1,0.332226,-50,0.0036108
3,9285,3638,7,0.192413,10,0.0097374
4,58541,20195,5,0.0247586,-50,0.0875552
5,370477,139439,9,0.00645444,-60,0.541067
1,607,299,0,0,130,0.0002364
2,3288,1158,4,0.345423,60,0.0068191
3,84555,39662,5,0.0126065,70,0.0555052
4,348291,144212,3,0.00208027,70,0.500622
5,2226471,966047,32,0.00331247,120,4.05975
1,613,298,2,0.671141,140,0.000362
2,6457,2476,3,0.121163,70,0.0103318
3,152922,75305,6,0.0079676,100,0.0785968
4,634018,215709,6,0.00278153,95,1.01683
5,1344798,605506,7,0.00115606,150,1.23364
1,282,123,1,0.813008,10,0.0002438
2,782,250,0,0,10,0.0016316
3,40397,18018,15,0.0832501,-30,0.0337642
4,119527,36995,5,0.0135153,-75,0.293165
5,1511254,650510,21,0.00322824,-50,1.61008
1,270,130,2,1.53846,-80,0.0001143
2,849,278,1,0.359712,55,0.0017782
3,873,279,0,0,55,0.000809
4,15605,7292,4,0.0548546,50,0.0078251
5,226441,87870,22,0.025037,-45,0.250035
1,418,120,1,0.833333,50,0.0006754
2,2294,455,4,0.879121,10,0.0042864
3,36620,10867,19,0.174841,20,0.0469728
4,170458,47875,9,0.018799,-15,0.26199
5,679813,247745,6,0.00242185,15,0.712986
1,962,390,1,0.25641,20,0.0012039
2,5792,1944,7,0.360082,45,0.0152493
3,38807,17893,2,0.0111776,80,0.0268156
4,224760,94334,4,0.00424025,40,0.460179
5,904889,342666,2,0.000583659,85,1.66407
1,256,102,2,1.96078,-130,0.0002686
2,1334,517,3,0.580271,-110,0.0014323
3,6568,2104,3,0.142586,-50,0.0089329
4,43842,19296,2,0.0103648,-30,0.0336082
5,61818,26307,1,0.00380127,-30,0.077385
1,814,404,0,0,220,0.0004557
2,3158,877,1,0.114025,130,0.0049214
3,193623,95874,3,0.00312911,130,0.08188
4,502062,148181,3,0.00202455,150,0.719335
5,904519,381352,12,0.0031467,200,0.879979
1,864,341,1,0.293255,-30,0.0006429
2,1576,498,0,0,-30,0.0021976
3,173841,85793,0,0,-50,0.0732962
4,443370,139389,9,0.00645675,-30,0.69408
5,1229500,491524,18,0.00366208,30,1.41723
1,507,245,0,0,75,0.0002523
2,3543,738,2,0.271003,15,0.0049325
3,152117,71803,1,0.0013927,-45,0.0821509
4,224055,60405,1,0.00165549,-20,0.42172
5,2572858,1169312,3,0.000256561,0,1.49096
1,808,370,0,0,-80,0.0003885
2,1991,558,3,0.537634,-160,0.0027094
3,23789,10922,0,0,-160,0.0135059
4,46450,18698,2,0.0106963,-205,0.0706247
5,603312,238849,17,0.00711747,-210,0.496487
1,262,123,1,0.813008,105,0.0002233
2,2174,678,4,0.589971,135,0.0046165
3,16320,7344,5,0.0680828,165,0.0112823
4,183251,74518,12,0.0161035,180,0.196038
5,370139,124943,23,0.0184084,240,0.486297
1,129,56,0,0,280,0.0001345
2,959,254,1,0.393701,210,0.0018054
3,6115,1816,6,0.330396,170,0.0099869
4,58240,20025,10,0.0499376,160,0.0904542
5,272282,94093,13,0.0138161,175,0.636545
1,363,148,1,0.675676,170,0.0004034
2,768,250,1,0.4,180,0.0016657
3,3599,1733,2,0.115407,255,0.0030307
4,64482,30697,5,0.0162882,-30,0.0964799
5,170820,74596,3,0.00402166,-10,0.189223
1,101,46,0,0,315,7.19e-05
2,343,106,1,0.943396,290,0.0004191
3,7270,3222,3,0.0931099,190,0.0038126
4,16387,5529,5,0.0904323,180,0.017291
5,49796,20437,1,0.00489309,180,0.0331665
1,312,114,0,0,-50,0.0003063
2,738,325,0,0,-100,0.0009209
3,6403,3026,0,0,-35,0.0048342
4,66429,29877,5,0.0167353,-50,0.0659378
5,143048,59353,9,0.0151635,-45,0.262074
1,278,116,2,1.72414,-50,0.0001764
2,1131,473,0,0,-50,0.0007196
3,13054,4501,3,0.0666519,-80,0.0137127
4,69791,29796,2,0.00671231,-85,0.065635
5,377238,178764,2,0.00111879,-85,0.258362
1,554,274,0,0,-50,0.0002368
2,1576,320,1,0.3125,-100,0.0078911
3,72701,34320,4,0.011655,-95,0.0372364
4,104436,39673,16,0.0403297,-130,0.103824
5,7770704,3766829,3,7.96426e-05,-170,3.75697
1,162,78,0,0,180,9.44e-05
2,2298,723,0,0,50,0.0090308
3,15975,7068,5,0.0707414,80,0.0130231
4,374328,165625,12,0.00724528,70,0.307608
5,1947166,601933,9,0.00149518,100,2.42091
1,131,62,0,0,-115,6.76e-05
2,258,94,0,0,-200,0.0001685
3,1230,581,0,0,-140,0.0006075
4,3328,1226,3,0.244698,-110,0.0040319
5,10140,3863,9,0.23298,-140,0.0065891
1,412,168,2,1.19048,125,0.0002987
2,1457,595,2,0.336134,20,0.000874
3,17132,7657,11,0.143659,85,0.0115061
4,107977,41139,12,0.0291694,15,0.0975426
5,286789,124071,15,0.0120899,45,0.252478
1,160,66,0,0,165,0.00018
2,1996,417,7,1.67866,255,0.0032444
3,13064,5178,6,0.115875,180,0.0100336
4,80608,26313,5,0.019002,130,0.0943456
5,136694,51872,1,0.00192782,175,0.113474
1,157,77,0,0,-45,9.61e-05
2,1088,400,3,0.75,-165,0.001293
3,18824,8651,7,0.0809155,-235,0.0147119
4,27018,11341,7,0.061723,-260,0.0334836
5,200734,86393,21,0.0243075,-350,0.127765
1,240,117,0,0,140,0.000128
2,1926,693,0,0,10,0.0103681
3,24023,10620,9,0.0847458,40,0.0184896
4,320981,149648,6,0.00400941,10,0.206519
5,1110242,493995,9,0.00182188,20,1.17626
1,656,248,3,1.20968,80,0.0009506
2,2773,856,2,0.233645,-10,0.0062322
3,92897,41020,6,0.014627,45,0.101211
4,297573,95300,5,0.00524659,20,0.806338
5,5837338,2732695,30,0.00109782,20,4.43215
1,157,71,1,1.40845,140,0.0001044
2,5301,964,6,0.622407,95,0.0142222
3,17837,5426,1,0.0184298,105,0.0318387
4,597655,195943,18,0.00918635,80,1.02996
5,916127,238810,20,0.00837486,120,2.10957
1,685,336,3,0.892857,65,0.0003933
2,3084,752,1,0.132979,-5,0.0049619
3,217895,102198,14,0.0136989,-65,0.121409
4,273045,101806,3,0.00294678,-105,0.564277
5,2271035,993005,7,0.000704931,-35,1.734
1,164,66,3,4.54545,375,0.0001581
2,930,380,1,0.263158,330,0.0011622
3,7184,3493,1,0.0286287,310,0.0042429
4,75764,29856,4,0.0133976,275,0.157692
5,188259,84254,0,0,275,0.204171
1,284,134,2,1.49254,-50,0.0001213
2,1200,452,2,0.442478,-60,0.001519
3,11911,5551,6,0.108089,-50,0.0072416
4,504864,242805,15,0.0061778,-20,0.276315
5,198415,89988,3,0.00333378,0,0.204988
1,158,64,2,3.125,-115,0.000121
2,341,115,4,3.47826,0,0.000361
3,1923,824,4,0.485437,0,0.0009401
4,3551,1666,0,0,0,0.0035811
5,14975,5273,5,0.0948227,0,0.0124825
1,140,67,0,0,-30,9.37e-05
2,2467,1118,5,0.447227,-60,0.0019333
3,8977,4093,1,0.024432,-60,0.0048903
4,541756,260765,17,0.00651928,-70,0.469356
5,2696148,830732,45,0.00541691,-60,5.06486
1,464,202,3,1.48515,30,0.0003892
2,1642,417,1,0.239808,30,0.004615
3,37279,17196,2,0.0116306,30,0.0266582
4,178558,61312,6,0.00978601,155,0.336336
5,165970,56037,1,0.00178454,190,0.377388
1,160,71,1,1.40845,120,0.0001199
2,4793,1288,9,0.698758,220,0.0161501
3,2011,533,0,0,220,0.0055417
4,485615,239667,6,0.00250347,230,0.22127
5,145405,75107,3,0.0039943,215,0.347289
1,266,123,1,0.813008,40,0.000151
2,2875,998,3,0.300601,75,0.0042707
3,9195,4134,2,0.0483793,105,0.0061089
4,394044,157058,12,0.00764049,150,0.335859
5,761543,321960,4,0.00124239,165,0.891997
1,516,255,0,0,130,0.0002448
2,2004,380,2,0.526316,120,0.0122133
3,66304,31469,9,0.0285996,140,0.0447281
4,222398,76081,2,0.00262878,180,0.716594
5,1398195,589110,0,0,180,2.16543
1,144,61,1,1.63934,200,9.79e-05
2,413,125,1,0.8,210,0.0007482
3,5173,2463,1,0.0406009,170,0.0023044
4,19946,9657,6,0.0621311,205,0.0147939
5,37103,14174,6,0.042331,265,0.0424761
1,456,223,0,0,-5,0.0001953
2,1106,364,1,0.274725,-25,0.0015506
3,33605,16265,3,0.0184445,5,0.0157689
4,133084,55000,12,0.0218182,-10,0.146614
5,2742452,1295315,16,0.00123522,-5,1.21199
1,1196,369,3,0.813008,10,0.0014018
2,2739,592,1,0.168919,-20,0.003812
3,206408,100681,7,0.00695265,5,0.0965975
4,690711,210840,6,0.00284576,0,0.921762
5,4069197,1771573,15,0.000846705,40,4.31656
1,124,59,0,0,80,6.66e-05
2,607,203,1,0.492611,95,0.0009177
3,4985,1734,4,0.230681,100,0.0058165
4,43539,19558,9,0.046017,145,0.0250368
5,70620,26849,1,0.00372453,145,0.100304
1,246,117,3,2.5641,135,0.0001139
2,2154,684,7,1.02339,215,0.0056122
3,8235,3784,0,0,215,0.0054222
4,113938,48212,18,0.0373351,235,0.114712
5,214460,88031,7,0.00795174,275,0.380475
1,409,187,2,1.06952,-10,0.0002694
2,4213,1711,3,0.175336,-30,0.0043445
3,18173,8932,2,0.0223914,30,0.0087076
4,74648,37084,2,0.00539316,145,0.0783976
5,185198,72769,4,0.00549685,110,0.28244
1,523,255,2,0.784314,35,0.0002339
2,1528,564,6,1.06383,5,0.0017673
3,22623,10179,7,0.068769,55,0.0141792
4,118718,47113,2,0.00424511,20,0.138937
5,566255,241338,14,0.00580099,60,0.621876
1,384,166,0,0,-75,0.0003185
2,1430,456,3,0.657895,-105,0.0035111
3,20407,6870,9,0.131004,-90,0.0308194
4,242086,100917,5,0.00495457,-130,0.246014
5,1310974,376015,29,0.00771246,-45,3.09036
1,124,59,0,0,50,7.06e-05
2,1422,659,1,0.151745,160,0.0012912
3,756,451,0,0,160,0.0008516
4,24185,11273,3,0.0266123,65,0.0378167
5,180851,84051,1,0.00118975,10,0.144738
1,170,71,2,2.8169,-10,0.0001331
2,3099,929,8,0.861141,80,0.0035903
3,2614,976,1,0.102459,80,0.0024319
4,94362,35472,10,0.0281912,70,0.0846523
5,304214,116289,19,0.0163386,85,0.284548
1,46,20,0,0,230,3.85e-05
2,232,95,1,1.05263,195,0.0001878
3,1664,627,3,0.478469,45,0.0010436
4,2731,898,6,0.668151,5,0.0029578
5,15343,7056,3,0.042517,15,0.0062525
1,145,56,2,3.57143,60,0.0001407
2,799,292,1,0.342466,50,0.0013324
3,5296,2527,1,0.0395726,60,0.0029646
4,157843,74670,10,0.0133923,20,0.10201
5,252199,126551,4,0.00316078,35,0.194971
1,252,123,0,0,120,0.0001288
2,1358,500,0,0,10,0.0069739
3,23990,10514,13,0.123645,15,0.0189088
4,125528,52439,13,0.0247907,-10,0.149618
5,518063,229906,11,0.00478456,10,0.654001
1,185,83,0,0,60,0.0001226
2,317,119,0,0,60,0.0002368
3,6662,2970,4,0.13468,60,0.00365
4,27957,10180,11,0.108055,65,0.0401403
5,1046674,492579,53,0.0107597,-5,0.484783
1,775,352,1,0.284091,-10,0.000468
2,6169,1478,7,0.473613,-60,0.0095418
3,143247,66529,9,0.0135279,-35,0.0763549
4,374821,93623,0,0,-35,0.562771
5,2007501,768654,8,0.00104078,-30,1.83201
1,241,117,0,0,-10,0.0001097
2,688,274,3,1.09489,-10,0.0005993
3,14608,6853,2,0.0291843,20,0.0073362
4,120487,43703,5,0.0114409,-40,0.193119
5,1138750,528380,9,0.00170332,-30,0.60934
1,266,120,1,0.833333,-130,0.0001486
2,1756,766,3,0.391645,-130,0.0010968
3,22049,6236,6,0.0962155,-150,0.0240428
4,198983,93448,5,0.00535057,-165,0.107394
5,862856,338851,21,0.00619741,-170,0.675573
1,450,213,1,0.469484,-35,0.0002394
2,2163,558,0,0,-195,0.0033931
3,54112,26042,5,0.0191998,-195,0.0240116
4,55462,37469,1,0.00266887,-245,0.143527
5,755286,274844,11,0.00400227,-275,0.791404
1,58,26,0,0,100,4.23e-05
2,602,237,5,2.1097,-20,0.0004861
3,3597,1528,6,0.39267,-160,0.0027298
4,19910,8748,12,0.137174,0,0.0206085
5,39577,18686,8,0.0428128,-60,0.0341575
1,168,79,0,0,-40,0.0001033
2,367,141,0,0,-40,0.0003852
3,22605,10070,13,0.129096,-110,0.0143769
4,34625,13536,7,0.0517139,-110,0.0327916
5,362453,151176,14,0.00926073,-80,0.26359
1,189,86,1,1.16279,135,0.000121
2,529,166,1,0.60241,140,0.0005853
3,24472,10739,6,0.0558711,10,0.0136725
4,78457,22684,10,0.0440839,-120,0.147181
5,360162,159934,5,0.00312629,-100,0.21046
1,161,37,0,0,-5,0.0002642
2,542,205,2,0.97561,-10,0.0004667
3,2901,1428,1,0.070028,-35,0.0018468
4,3954,1736,0,0,-35,0.0062073
5,20717,8125,4,0.0492308,125,0.0143465
1,386,190,0,0,-50,0.0001483
2,392,282,0,0,-100,0.0003855
3,972,264,1,0.378788,-110,0.001703
4,16114,7657,2,0.0261199,-150,0.0070789
5,28363,15108,1,0.00661901,-140,0.0275643
1,230,110,1,0.909091,-370,0.0002836
2,433,241,0,0,-370,0.0005977
3,2301,635,3,0.472441,-285,0.0052057
4,39044,18748,1,0.0053339,-280,0.0233915
5,125054,41825,18,0.0430365,-350,0.272256
1,1162,512,1,0.195312,-50,0.0006362
2,6311,2899,4,0.137979,-100,0.0036571
3,96160,45126,7,0.0155121,-95,0.044672
4,478985,231801,5,0.00215702,-150,0.376194
5,6738152,2765732,29,0.00104855,-140,4.72173
1,68,31,0,0,85,4.75e-05
2,378,115,0,0,110,0.0006042
3,1623,629,4,0.63593,160,0.0012577
4,23743,10710,7,0.0653595,220,0.0137875
5,17663,8729,2,0.0229121,220,0.0210401
1,179,85,0,0,90,8.94e-05
2,2357,586,9,1.53584,170,0.003021
3,3206,1314,4,0.304414,210,0.0019752
4,26733,11291,8,0.0708529,265,0.018502
5,91647,29071,4,0.0137594,220,0.0951633
1,533,262,0,0,185,0.0002329
2,1195,430,3,0.697674,205,0.0020583
3,62568,29537,1,0.00338558,140,0.0329574
4,85050,31978,1,0.00312715,145,0.181741
5,853552,379558,0,0,145,0.679962
1,330,96,4,4.16667,-350,0.0003581
2,391,129,1,0.775194,-350,0.0004081
3,5159,2032,1,0.0492126,-370,0.0036173
4,29724,11912,8,0.0671592,-375,0.0236468
5,105905,42198,9,0.021328,-400,0.073743
1,117,57,0,0,-25,6.16e-05
2,1889,820,2,0.243902,-100,0.0022911
3,8010,3344,6,0.179426,-25,0.0054137
4,84150,36123,8,0.0221466,-70,0.0973158
5,212744,78059,5,0.00640541,-50,0.328257
1,240,117,0,0,140,0.0001335
2,3645,1082,3,0.277264,75,0.0052938
3,18423,8501,7,0.0823433,130,0.0091844
4,85422,30273,7,0.0231229,85,0.129874
5,328800,132892,8,0.00601993,155,0.286906
1,253,125,0,0,40,0.0001265
2,1601,624,1,0.160256,-50,0.0046684
3,24214,10592,12,0.113293,20,0.0221305
4,107581,42394,6,0.0141529,-10,0.130132
5,1613712,680193,24,0.00352841,-30,1.54779
1,189,72,1,1.38889,-10,0.0002006
2,5590,1752,4,0.228311,-30,0.0093512
3,11832,4849,3,0.0618684,-10,0.0130904
4,141906,44746,2,0.00446967,-10,0.234631
5,825520,286622,13,0.00453559,30,1.67926
1,205,72,0,0,150,0.0002287
2,801,131,0,0,150,0.0015274
3,34978,6937,5,0.0720773,70,0.0555489
4,66859,14783,8,0.0541162,50,0.105776
5,385622,89763,11,0.0122545,90,0.606958
1,185,65,1,1.53846,-5,0.000194
2,368,99,1,1.0101,-25,0.0005405
3,7281,3435,0,0,-25,0.0031463
4,19051,6268,3,0.0478622,25,0.0231763
5,131143,56383,8,0.0141887,-25,0.0822971
1,785,388,3,0.773196,40,0.0003201
2,5050,1366,11,0.805271,-50,0.013061
3,51732,23764,18,0.0757448,10,0.0326628
4,260022,104855,16,0.0152592,20,0.284388
5,1616023,703343,16,0.00227485,50,1.72126
1,638,308,1,0.324675,-15,0.000354
2,1875,500,4,0.8,-50,0.0021647
3,81086,35752,20,0.0559409,-50,0.0545091
4,366295,92924,14,0.0150661,-80,0.761031
5,7239948,3244653,19,0.000585579,-70,6.28864
1,122,58,0,0,140,7.68e-05
2,1032,351,0,0,50,0.0021625
3,7805,3195,0,0,50,0.006481
4,68011,29274,4,0.013664,10,0.0572886
5,476347,184610,13,0.00704187,0,0.455433
1,84,39,0,0,540,6.27e-05
2,979,435,0,0,610,0.0010843
3,1078,658,0,0,715,0.000781
4,9448,3760,0,0,565,0.0078083
5,46223,20986,6,0.0285905,585,0.045948
1,230,112,0,0,175,0.0001383
2,1999,617,1,0.162075,90,0.0030316
3,14464,6589,6,0.0910609,160,0.0081852
4,97083,36042,9,0.0249709,155,0.114904
5,140338,58616,1,0.00170602,190,0.133879
1,762,282,4,1.41844,-70,0.0007427
2,2180,805,6,0.745342,-130,0.0019412
3,26159,12122,2,0.0164989,-100,0.0137298
4,82158,25816,8,0.0309885,-130,0.125732
5,411845,169183,4,0.0023643,-110,0.344144
1,89,36,1,2.77778,80,8.32e-05
2,808,302,7,2.31788,125,0.0007812
3,1884,856,0,0,125,0.0008837
4,14868,6051,2,0.0330524,135,0.0114547
5,44030,17627,19,0.107789,130,0.0353971
1,125,61,0,0,15,6.34e-05
2,704,234,3,1.28205,5,0.0009344
3,3121,1326,5,0.377074,45,0.0027727
4,16161,6485,2,0.0308404,10,0.0171939
5,35809,15459,6,0.0388123,70,0.0389907
1,151,71,2,2.8169,45,7.99e-05
2,4305,1883,5,0.265534,-60,0.0036917
3,16335,5590,6,0.107335,-55,0.0275211
4,120740,55617,1,0.00179801,-55,0.153183
5,285063,143793,6,0.00417266,-75,0.313423
1,153,75,0,0,30,6.59e-05
2,631,289,0,0,-20,0.0005208
3,4599,1908,2,0.104822,-70,0.004994
4,18947,6945,0,0,-70,0.0855403
5,84363,35425,0,0,-70,0.066497
1,157,74,0,0,-260,8.55e-05
2,119,72,0,0,-260,0.0001118
3,949,328,5,1.52439,-265,0.0011107
4,1376,508,2,0.393701,-295,0.0011831
5,15166,6978,9,0.128977,-305,0.0073335
1,1931,709,1,0.141044,-50,0.0031899
2,2411,901,5,0.554939,-55,0.0045526
3,319684,112596,7,0.00621692,-130,0.566594
4,150840,72257,5,0.00691974,-120,0.281261
5,6065530,2872221,9,0.000313346,-130,3.56428
1,460,226,0,0,-90,0.0002491
2,1545,649,2,0.308166,-130,0.0014507
3,20217,8074,4,0.0495417,-140,0.0217117
4,237069,109180,5,0.00457959,-160,0.176903
5,1116232,498125,3,0.000602258,-180,0.731588
1,610,190,6,3.15789,-100,0.000705
2,575,153,1,0.653595,-100,0.0008249
3,9499,4052,3,0.0740375,-100,0.0061848
4,79344,25211,13,0.0515648,-190,0.0887903
5,382712,160775,13,0.00808583,-180,0.259141
1,82,38,0,0,120,5.54e-05
2,590,255,1,0.392157,85,0.0006773
3,3750,1717,0,0,85,0.0017602
4,44098,19445,7,0.035999,80,0.0317343
5,68984,27595,1,0.00362384,110,0.0642441
1,1187,544,4,0.735294,-145,0.0008252
2,2457,741,1,0.134953,-105,0.0049646
3,64213,30921,0,0,-105,0.032189
4,225744,101211,10,0.00988035,-90,0.522682
5,1208180,508329,0,0,-90,1.00007
1,363,102,5,4.90196,-95,0.0004386
2,327,110,0,0,-95,0.0003485
3,7611,3117,7,0.224575,-40,0.0056636
4,37433,12551,15,0.119512,-110,0.039225
5,103171,44260,14,0.0316313,-110,0.0820671
1,1610,548,2,0.364964,120,0.0036508
2,5197,1961,1,0.0509944,0,0.0082811
3,302401,142752,17,0.0119088,50,0.215583
4,794811,254460,8,0.00314391,5,1.61869
5,22932247,11120746,36,0.000323719,20,12.2549
1,108,51,0,0,30,7.15e-05
2,3181,1415,3,0.212014,40,0.0025527
3,4341,1997,0,0,40,0.0023368
4,176134,86302,0,0,90,0.073319
5,172276,77863,9,0.0115588,110,0.545345
1,985,355,1,0.28169,-155,0.0006901
2,710,211,1,0.473934,-170,0.0006772
3,8248,3708,2,0.0539374,-30,0.0052351
4,57911,27207,7,0.0257287,-60,0.0310114
5,236299,100783,24,0.0238135,-80,0.162447
1,251,86,2,2.32558,120,0.000206
2,4509,1162,6,0.516351,90,0.0054343
3,28998,8725,4,0.0458453,80,0.0297254
4,477695,198051,4,0.00201968,95,0.368739
5,1768766,542643,12,0.0022114,85,2.00783
1,930,61,2,3.27869,20,0.0020264
2,2752,270,3,1.11111,-15,0.0054717
3,21345,4204,12,0.285442,50,0.0332775
4,92694,19339,15,0.0775635,-15,0.144429
5,165313,35247,9,0.0255341,90,0.253885
1,630,310,2,0.645161,-310,0.0003054
2,1130,277,2,0.722022,-340,0.0051081
3,44738,21131,3,0.0141972,-465,0.0407195
4,29698,19504,0,0,-465,0.0373397
5,191243,74366,3,0.0040341,-460,0.354359
1,155,53,2,3.77358,0,0.0001429
2,625,224,3,1.33929,-40,0.0005215
3,7317,2802,6,0.214133,-50,0.0053108
4,48327,17442,6,0.0343997,-110,0.0443317
5,443528,139806,26,0.0185972,-135,0.506575
1,131,64,0,0,25,6.57e-05
2,654,212,2,0.943396,10,0.0008084
3,4307,2010,0,0,10,0.0020432
4,25025,10278,4,0.0389181,40,0.0253849
5,404615,162579,37,0.0227582,-25,0.322611
1,582,276,1,0.362319,10,0.0003065
2,634,347,1,0.288184,-30,0.0007022
3,58143,27967,5,0.0178782,-75,0.0380284
4,80821,38313,4,0.0104403,-120,0.102378
5,3325361,1569242,3,0.000191175,-50,1.88149
1,530,257,0,0,185,0.0003223
2,1493,392,2,0.510204,165,0.0020692
3,40399,19312,1,0.00517813,175,0.0181352
4,196828,65758,3,0.00456218,155,0.222285
5,587810,247718,1,0.000403685,210,0.454931
1,1646,676,0,0,-150,0.0024264
2,3406,1122,2,0.178253,-150,0.0089098
3,234960,99802,15,0.0150298,-150,0.226164
4,758378,209035,4,0.00191356,-190,1.98374
5,13938480,6394927,8,0.000125099,-140,10.0148
1,610,270,0,0,30,0.0004209
2,1474,409,1,0.244499,20,0.0033969
3,54294,22589,4,0.0177077,20,0.0477078
4,256298,91855,18,0.0195961,-15,0.457341
5,3291261,1409994,16,0.00113476,-10,2.61004
1,128,61,0,0,150,7.89e-05
2,6657,1805,0,0,90,0.0086924
3,10473,3734,6,0.160686,155,0.0093081
4,373835,157247,1,0.000635942,90,0.277295
5,970746,386947,24,0.0062024,155,0.982558
1,1037,515,2,0.38835,0,0.000453
2,4214,1483,2,0.134862,-50,0.0068236
3,299906,148352,5,0.00337036,-35,0.120246
4,872916,221010,10,0.00452468,-50,1.53716
5,7336798,3321383,14,0.000421511,-40,4.08182
1,198,59,3,5.08475,185,0.0002458
2,2777,998,4,0.400802,135,0.0028928
3,10875,4336,5,0.115314,110,0.0104867
4,118064,52480,4,0.00762195,110,0.135168
5,235097,95789,6,0.00626377,80,0.269097
1,121,59,0,0,45,6.33e-05
2,999,416,1,0.240385,70,0.0017201
3,5492,2111,3,0.142113,70,0.0052384
4,93714,43756,3,0.0068562,115,0.0470546
5,297850,112278,12,0.0106878,35,0.300982
1,237,65,1,1.53846,-35,0.000286
2,605,173,0,0,-35,0.000718
3,25972,8538,5,0.0585617,-90,0.0263746
4,39722,11682,1,0.00856018,-155,0.0475222
5,354276,140864,6,0.00425943,-110,0.270485
1,262,118,1,0.847458,-135,0.0001701
2,1143,443,0,0,-175,0.0015532
3,13243,4860,6,0.123457,-145,0.0254226
4,603713,290329,10,0.00344437,-90,0.349633
5,99045,65782,2,0.00304035,-95,0.120553
1,102,46,2,4.34783,-5,6.27e-05
2,339,123,0,0,-15,0.0004037
3,5048,2131,5,0.234632,-55,0.0042887
4,55583,24787,15,0.0605156,-25,0.0401085
5,256111,92921,9,0.00968565,-40,0.32568
1,91,43,1,2.32558,-10,4.94e-05
2,1592,554,3,0.541516,40,0.0013039
3,829,305,0,0,40,0.0005583
4,25658,11406,13,0.113975,80,0.0129714
5,35743,12107,3,0.0247791,80,0.0386802
1,1386,507,2,0.394477,-50,0.0018033
2,2616,1078,1,0.0927644,-70,0.0033033
3,97485,44768,13,0.0290386,-40,0.0694625
4,335108,147504,8,0.00542358,-70,0.386834
5,3483702,1612387,6,0.000372119,-70,2.16277
1,320,157,0,0,380,0.0001634
2,2664,997,7,0.702106,305,0.0045148
3,18365,8611,1,0.0116131,320,0.0129215
4,137005,44370,3,0.00676133,290,0.332666
5,532493,227881,4,0.0017553,330,0.602058
1,240,94,1,1.06383,60,0.0002674
2,775,245,1,0.408163,60,0.0014591
3,4450,1838,0,0,60,0.0045788
4,30106,12910,0,0,60,0.0229194
5,138915,55813,2,0.00358339,10,0.13009
1,172,81,0,0,225,0.0001142
2,2797,975,2,0.205128,175,0.0037248
3,5149,2047,3,0.146556,185,0.0045486
4,120074,45891,12,0.0261489,185,0.101391
5,257756,119152,4,0.00335706,245,0.231464
1,82,32,0,0,100,8.19e-05
2,480,159,2,1.25786,110,0.0005959
3,3444,1309,1,0.0763942,60,0.0027431
4,36604,14841,10,0.0673809,20,0.0263315
5,207090,81621,8,0.0098014,30,0.168851
1,275,131,0,0,10,0.0001424
2,1419,456,5,1.09649,-60,0.001547
3,24418,10816,2,0.0184911,-80,0.0158655
4,87859,33437,7,0.0209349,-130,0.0997429
5,2514868,1091897,37,0.0033886,-90,1.80253
1,162,77,1,1.2987,100,9.15e-05
2,4192,1151,2,0.173762,30,0.0104565
3,19659,7716,5,0.0648004,80,0.0237548
4,403020,166137,21,0.0126402,50,0.445622
5,822400,228779,6,0.00262262,90,1.89994
1,759,375,1,0.266667,-125,0.0002784
2,612,229,0,0,-170,0.0006252
3,43776,21060,1,0.00474834,-220,0.0168651
4,41827,29830,0,0,-255,0.0576791
5,242879,96848,3,0.00309764,-185,0.144519
1,110,52,0,0,115,6.54e-05
2,391,140,0,0,20,0.0003863
3,8838,4020,4,0.0995025,-230,0.0050822
4,6833,3226,1,0.0309981,-240,0.0078031
5,63990,26156,9,0.0344089,-260,0.0464136
1,378,175,1,0.571429,60,0.0002476
2,4508,1493,3,0.200938,-40,0.0112793
3,34137,15606,1,0.00640779,10,0.0302808
4,265596,93450,8,0.00856073,-5,0.964914
5,1373488,586536,1,0.000170493,0,1.78805
1,504,246,0,0,140,0.0002986
2,1619,460,4,0.869565,105,0.0023501
3,21005,9141,6,0.0656383,105,0.0121292
4,136636,60187,3,0.00498447,90,0.171981
5,1570580,715829,19,0.00265427,120,1.19173
1,562,278,0,0,60,0.0002164
2,2024,611,4,0.654664,60,0.0056968
3,36955,17722,1,0.0056427,80,0.0186021
4,119699,51592,2,0.00387657,40,0.231363
5,539796,233149,10,0.0042891,95,0.972825
1,148,70,1,1.42857,80,8.15e-05
2,268,148,1,0.675676,-55,0.0003299
3,647,290,2,0.689655,40,0.000426
4,8037,3051,7,0.229433,-80,0.00707
5,8451,4519,2,0.0442576,60,0.0094335
1,689,262,0,0,10,0.000572
2,1649,549,6,1.0929,-30,0.0019632
3,122524,50718,9,0.0177452,-30,0.0863948
4,205159,107130,3,0.00280034,-95,0.189728
5,4463510,1977031,11,0.00055639,-65,2.56916
1,472,187,2,1.06952,-10,0.0004881
2,983,314,3,0.955414,-40,0.002563
3,41071,18392,9,0.0489343,-30,0.0334541
4,85487,36250,8,0.022069,-40,0.186723
5,463526,205696,15,0.00729231,30,0.499398
1,87,34,1,2.94118,260,7.07e-05
2,1888,529,10,1.89036,315,0.0019908
3,2057,830,4,0.481928,355,0.0012666
4,15959,6884,12,0.174317,450,0.0114282
5,12067,4699,1,0.0212811,405,0.0122578
1,576,229,0,0,-10,0.0006588
2,1676,624,0,0,-10,0.0038149
3,78831,38281,1,0.00261226,-20,0.0411385
4,221978,98038,7,0.00714009,-10,0.273148
5,2129724,959096,15,0.00156397,-5,2.74196
1,215,103,1,0.970874,-40,0.0001086
2,1599,629,2,0.317965,-70,0.0026947
3,13730,5593,1,0.0178795,-95,0.0115819
4,178641,84992,5,0.00588291,-140,0.627144
5,1222374,605442,16,0.0026427,-160,1.16662
1,960,464,2,0.431034,-50,0.0003846
2,1806,519,0,0,-120,0.0017762
3,150081,67435,10,0.0148291,-190,0.0850087
4,91069,44568,4,0.00897505,-235,0.143465
5,1500849,683676,9,0.00131641,-210,0.691966
1,188,83,1,1.20482,80,0.0001118
2,2404,966,6,0.621118,50,0.0017391
3,13706,5550,6,0.108108,60,0.0097431
4,230885,100978,8,0.00792252,25,0.168415
5,1425852,450547,8,0.00177562,40,1.9624
1,484,239,0,0,160,0.0002404
2,2215,628,0,0,70,0.0045326
3,87410,42092,10,0.0237575,120,0.0395743
4,295200,120586,6,0.0049757,60,0.44234
5,2115019,1014092,8,0.000788883,90,1.18966
1,162,70,1,1.42857,240,0.0001254
2,392,205,1,0.487805,240,0.0006695
3,1073,377,0,0,240,0.0015634
4,10373,4269,5,0.117123,230,0.0077226
5,29484,13909,0,0,230,0.035465
1,97,44,0,0,-40,5.95e-05
2,579,215,1,0.465116,-80,0.0005264
3,4072,1492,4,0.268097,-60,0.0040111
4,22323,9762,9,0.0921942,-60,0.0185593
5,163682,62415,15,0.0240327,-50,0.138078
1,235,98,2,2.04082,-180,0.0001451
2,903,391,3,0.767263,-200,0.000533
3,5776,2054,7,0.340798,-230,0.0056928
4,21273,7128,3,0.0420875,-235,0.0372094
5,269475,78629,14,0.0178051,-180,0.314504
1,506,250,0,0,165,0.0002625
2,2397,719,2,0.278164,-10,0.0054869
3,91037,41682,8,0.0191929,15,0.0495697
4,272450,106600,12,0.011257,-45,0.293685
5,5281408,2420520,21,0.000867582,-15,2.73201
1,488,241,0,0,120,0.0001933
2,1356,414,3,0.724638,80,0.003326
3,55785,25609,6,0.0234293,60,0.0352852
4,130133,51531,15,0.0291087,80,0.219433
5,2261964,1026330,13,0.00126665,30,1.68595
1,736,226,1,0.442478,-70,0.0011635
2,1847,389,4,1.02828,-190,0.0032492
3,32728,13877,6,0.043237,-190,0.0217744
4,67046,18407,6,0.0325963,-165,0.103962
5,2364011,1086458,50,0.00460211,-270,1.27396
1,395,190,0,0,50,0.0002782
2,1420,572,1,0.174825,0,0.0025431
3,60490,27813,11,0.0395499,25,0.0480883
4,420770,113223,3,0.00264964,-35,1.10011
5,4616184,2090097,32,0.00153103,-5,3.62144
1,302,116,2,1.72414,-50,0.0004739
2,820,323,2,0.619195,-60,0.0009973
3,9351,4209,2,0.0475172,-50,0.005075
4,210948,97787,11,0.0112489,-90,0.159839
5,312856,135284,4,0.00295674,-40,0.281653
1,900,444,0,0,-50,0.0003907
2,1836,571,2,0.350263,-50,0.0035007
3,49043,22132,4,0.0180734,-35,0.0343541
4,490277,186611,4,0.0021435,-65,0.868684
5,3463550,1493413,8,0.000535686,-45,3.3665
1,306,150,0,0,145,0.0001851
2,1202,298,1,0.33557,145,0.0030787
3,9805,4106,2,0.0487092,200,0.0081131
4,124709,48618,3,0.00617055,170,0.274256
5,146681,60470,2,0.00330743,245,0.32286
1,316,82,0,0,200,0.0004457
2,7658,838,8,0.954654,95,0.0144445
3,16504,3416,13,0.380562,190,0.0243931
4,137295,22419,15,0.0669075,115,0.22915
5,241753,47949,9,0.0187699,170,0.385205
1,502,247,1,0.404858,-30,0.0002156
2,2450,628,3,0.477707,-60,0.0112836
3,72483,33247,12,0.0360935,-50,0.0734813
4,478521,171173,5,0.00292102,-60,1.07322
5,3061333,1318434,21,0.0015928,-45,4.17252
1,679,332,1,0.301205,50,0.0003604
2,3390,1080,5,0.462963,10,0.0083661
3,89636,43551,6,0.013777,40,0.0450304
4,164846,70589,1,0.00141665,20,0.393226
5,4188927,1956058,9,0.000460109,20,2.77241
1,562,226,3,1.32743,-430,0.0003289
2,687,244,5,2.04918,-440,0.0005401
3,9155,4373,0,0,-410,0.0033346
4,19178,9252,3,0.0324254,-385,0.0084205
5,62326,23888,6,0.0251172,-400,0.0514012
1,329,154,0,0,20,0.0002255
2,1008,419,0,0,20,0.0023825
3,52437,24859,9,0.0362042,-65,0.0496414
4,431175,201466,11,0.00545998,-10,0.961592
5,1081010,509166,9,0.0017676,-10,1.18457
1,802,324,2,0.617284,-150,0.0005426
2,1495,398,1,0.251256,-215,0.0018415
3,42557,20123,1,0.00496944,-245,0.0189051
4,28650,21911,0,0,-245,0.036217
5,193740,69308,1,0.00144283,-260,0.161237
1,150,72,0,0,80,8.72e-05
2,2169,898,2,0.222717,10,0.0044628
3,38098,11200,7,0.0625,-45,0.0724104
4,204050,94487,3,0.00317504,-50,0.147201
5,1853213,576728,27,0.00468158,-25,3.77519
1,1051,510,1,0.196078,-155,0.0004389
2,1561,720,1,0.138889,-205,0.0024091
3,79036,36599,9,0.0245908,-195,0.0522063
4,164766,77488,2,0.00258104,-205,0.47128
5,1739864,696694,20,0.0028707,-185,2.12339
1,408,201,0,0,200,0.0002415
2,2730,843,4,0.474496,130,0.0069907
3,59477,28955,5,0.0172682,145,0.0281466
4,200392,52548,4,0.00761209,110,0.586162
5,2338282,1053215,17,0.00161411,115,1.96096
1,328,138,2,1.44928,-160,0.0002365
2,585,123,2,1.62602,-165,0.0008598
3,5198,1968,5,0.254065,-130,0.004111
4,16926,7671,4,0.0521444,-165,0.0203789
5,49877,14071,10,0.0710682,-155,0.0590759
1,412,202,1,0.49505,-50,0.0001579
2,1654,653,1,0.153139,-90,0.0019711
3,17394,6757,4,0.0591979,-60,0.013052
4,1133854,515863,18,0.0034893,-50,0.648662
5,390209,191045,5,0.00261718,25,0.389283
1,182,77,1,1.2987,80,0.0001566
2,3205,846,2,0.236407,30,0.0064391
3,20551,7288,14,0.192097,100,0.031899
4,340522,133923,8,0.00597358,70,0.381449
5,621466,231831,15,0.00647023,105,1.21026
1,260,116,1,0.862069,195,0.0002176
2,867,339,2,0.589971,150,0.0011337
3,16736,7681,6,0.0781148,90,0.0128334
4,152986,70147,11,0.0156814,100,0.107782
5,645633,281490,55,0.0195389,30,0.705848
1,368,181,0,0,220,0.0002176
2,1689,435,0,0,145,0.0041046
3,51928,25433,4,0.0157276,145,0.0227012
4,180666,49241,5,0.0101541,155,0.464956
5,480789,183618,9,0.00490148,210,0.703007
1,73,30,1,3.33333,-110,4.94e-05
2,227,96,1,1.04167,-110,0.0001668
3,853,227,1,0.440529,-110,0.0014023
4,9016,4096,4,0.0976562,-110,0.0076196
5,17527,6873,0,0,-130,0.0226338
1,138,65,1,1.53846,85,6.94e-05
2,6597,2981,4,0.134183,260,0.0053076
3,1786,624,1,0.160256,300,0.0016958
4,165591,81759,3,0.00366932,310,0.0649039
5,352175,204616,5,0.0024436,160,0.326015
1,1450,720,2,0.277778,-235,0.0004865
2,782,503,2,0.397614,-135,0.0009526
3,5446,1739,3,0.172513,-150,0.0080072
4,101897,50124,5,0.00997526,-65,0.0391972
5,253390,138138,6,0.00434348,-45,0.185914
1,316,146,2,1.36986,-70,0.0001993
2,1972,903,3,0.332226,-85,0.0013402
3,5206,2367,0,0,-85,0.0035277
4,85442,39467,5,0.0126688,-75,0.107802
5,501399,216888,21,0.00968242,-110,0.547398
1,404,195,0,0,40,0.0002045
2,2658,850,0,0,40,0.0086529
3,31670,14634,0,0,135,0.025766
4,565748,267160,6,0.00224585,175,0.548547
5,1006025,455009,6,0.00131866,160,1.88431
1,146,70,0,0,240,8.75e-05
2,2047,603,2,0.331675,110,0.0033975
3,2740,1135,1,0.0881057,230,0.0017819
4,121547,36341,8,0.0220137,150,0.177141
5,182069,68312,8,0.011711,190,0.194079
1,224,69,2,2.89855,60,0.0002619
2,2780,1045,11,1.05263,-60,0.0024251
3,16026,5269,14,0.265705,-50,0.0160832
4,81555,29255,16,0.0546915,-100,0.074742
5,688066,252897,15,0.00593127,-105,0.610016
1,426,145,3,2.06897,30,0.0004029
2,2278,636,3,0.471698,-25,0.0026947
3,43044,18024,11,0.0610297,5,0.0280285
4,107419,40089,5,0.0124722,-30,0.114646
5,1244537,515600,19,0.00368503,-5,0.86911
1,168,81,0,0,135,8.26e-05
2,4171,1311,1,0.0762777,25,0.0089533
3,13099,4307,8,0.185744,105,0.0247569
4,329810,122522,6,0.00489708,70,0.602423
5,724608,186181,9,0.00483401,115,1.8782
1,180,66,2,3.0303,0,0.0001577
2,1068,456,5,1.09649,45,0.0007498
3,2065,1058,4,0.378072,140,0.0019822
4,13792,6310,3,0.0475436,230,0.007146
5,162492,62931,2,0.00317808,285,0.190632
1,259,124,1,0.806452,-240,0.0001244
2,856,277,4,1.44404,-230,0.0008756
3,4511,1804,1,0.0554324,-265,0.003127
4,30773,11406,4,0.0350693,-260,0.0237344
5,66752,25300,2,0.00790514,-260,0.0560396
1,201,94,0,0,-60,0.0001532
2,194,113,1,0.884956,-100,0.0001991
3,828,216,2,0.925926,-90,0.0008678
4,9706,4531,0,0,-215,0.0063125
5,44675,19873,2,0.0100639,-160,0.0285747
1,284,130,0,0,-50,0.0001408
2,645,204,2,0.980392,-65,0.0005755
3,9021,4066,2,0.0491884,-60,0.0040486
4,88246,36208,12,0.0331418,-125,0.0640054
5,354053,162365,11,0.00677486,-90,0.185145
1,573,262,0,0,-145,0.0004242
2,811,273,0,0,-145,0.0018844
3,21209,8528,2,0.0234522,-150,0.0252031
4,116562,42355,12,0.028332,-190,0.225831
5,1063077,448943,8,0.00178196,-155,1.10019
1,354,128,1,0.78125,-210,0.000298
2,1212,341,6,1.75953,-280,0.0012979
3,8837,3707,0,0,-280,0.005914
4,28504,10731,7,0.0652316,-305,0.0275194
5,177403,72975,1,0.00137033,-320,0.131451
1,92,43,0,0,325,6.73e-05
2,366,114,0,0,360,0.0005098
3,2269,1039,0,0,360,0.000995
4,15019,5609,5,0.0891424,350,0.0146403
5,22721,8168,3,0.0367287,385,0.0248799
1,412,190,3,1.57895,-240,0.0001813
2,1071,318,2,0.628931,-310,0.0014472
3,10003,4730,1,0.0211416,-280,0.0039518
4,29565,10714,0,0,-240,0.116182
5,72226,25647,5,0.0194955,-220,0.101126
1,1406,643,1,0.155521,-20,0.000749
2,6291,1456,3,0.206044,-80,0.0074034
3,120515,58225,7,0.0120223,5,0.0628982
4,540987,268450,7,0.00260756,85,0.279901
5,740384,270428,4,0.00147914,100,0.925055
1,1604,796,2,0.251256,-50,0.0005616
2,10857,4208,9,0.213878,-20,0.0300624
3,23755,10419,3,0.0287936,-10,0.0224149
4,826255,379240,17,0.00448265,-30,1.03508
5,7226820,2726205,25,0.000917026,-10,13.1143
1,527,170,0,0,-150,0.0006892
2,769,196,1,0.510204,-160,0.0013449
3,14006,5709,7,0.122613,-160,0.0111658
4,34594,10138,4,0.0394555,-180,0.0538695
5,284120,115608,10,0.00864992,-190,0.237088
1,126,60,0,0,130,6.61e-05
2,796,298,3,1.00671,145,0.0009639
3,4687,2185,0,0,150,0.002138
4,23570,9190,5,0.054407,60,0.0512446
5,83926,34986,3,0.00857486,75,0.0478057
1,210,66,3,4.54545,95,0.0002646
2,2069,720,9,1.25,120,0.0021607
3,8555,3129,8,0.255673,130,0.009257
4,148866,64548,23,0.0356324,165,0.140594
5,172239,64932,2,0.00308015,130,0.230515
1,564,279,0,0,140,0.0003547
2,3613,1475,3,0.20339,55,0.0067047
3,80274,38413,4,0.0104131,95,0.0434468
4,172634,81422,5,0.00614085,60,0.228486
5,5032189,2326344,7,0.000300901,50,3.38132
1,102,47,0,0,410,7e-05
2,291,93,1,1.07527,395,0.0002882
3,658,281,2,0.711744,420,0.0003659
4,4983,2174,4,0.183993,390,0.004724
5,15957,5233,2,0.038219,415,0.0151281
1,288,134,0,0,-190,0.0001491
2,287,108,0,0,-175,0.0002424
3,15690,7424,3,0.0404095,-230,0.006201
4,13198,4968,1,0.0201288,-230,0.0107492
5,221330,90651,21,0.0231658,-305,0.146373
1,273,109,1,0.917431,90,0.0002361
2,1164,294,2,0.680272,30,0.0017385
3,42974,17736,4,0.022553,-25,0.0296155
4,37252,10651,0,0,-25,0.0549526
5,626408,273620,15,0.00548206,-70,0.412961
1,116,55,0,0,55,0.0001035
2,1329,301,1,0.332226,-50,0.0038867
3,9281,3638,7,0.192413,10,0.0088971
4,58426,20140,5,0.0248262,-50,0.0871962
5,370248,139383,9,0.00645703,-60,0.523546
1,607,299,0,0,130,0.0002323
2,3284,1158,4,0.345423,60,0.006891
3,84550,39662,5,0.0126065,70,0.0518118
4,347578,143858,3,0.00208539,70,0.518843
5,2224818,965518,32,0.00331428,120,3.86525
1,613,298,2,0.671141,140,0.000353
2,6453,2476,3,0.121163,70,0.0102725
3,152963,75322,6,0.0079658,100,0.0781579
4,633305,215362,6,0.00278601,95,1.02124
5,1344166,605453,7,0.00115616,150,1.2075
1,282,123,1,0.813008,10,0.0002449
2,780,250,0,0,10,0.0015771
3,40393,18018,15,0.0832501,-30,0.0322095
4,119247,36857,5,0.0135659,-75,0.28274
5,1510588,650371,21,0.00322893,-50,1.57783
1,270,130,2,1.53846,-80,0.0001138
2,845,278,1,0.359712,55,0.0018159
3,868,279,0,0,55,0.000778
4,15495,7239,4,0.0552563,50,0.0079921
5,225828,87972,27,0.0306916,-45,0.245901
1,418,120,1,0.833333,50,0.000542
2,2292,455,4,0.879121,10,0.0046587
3,36615,10867,19,0.174841,20,0.0476833
4,170162,47741,9,0.0188517,-15,0.274732
5,679120,247591,6,0.00242335,15,0.692462
1,962,390,1,0.25641,20,0.0012114
2,5790,1944,7,0.360082,45,0.0149898
3,38802,17893,2,0.0111776,80,0.0267383
4,223910,93913,4,0.00425926,40,0.448286
5,902979,341962,2,0.00058486,85,1.62842
1,256,102,2,1.96078,-130,0.0002637
2,1332,517,3,0.580271,-110,0.0012381
3,6562,2104,3,0.142586,-50,0.009169
4,43712,19233,2,0.0103988,-30,0.0314955
5,61427,26242,1,0.00381069,-30,0.076321
1,814,404,0,0,220,0.0004397
2,3154,877,1,0.114025,130,0.0050301
3,193620,95874,3,0.00312911,130,0.0823386
4,505712,148732,6,0.0040341,150,0.84293
5,901373,380126,12,0.00315685,200,0.914843
1,864,341,1,0.293255,-30,0.0006377
2,1574,498,0,0,-30,0.0021685
3,173838,85793,0,0,-50,0.0704354
4,442648,139030,9,0.00647342,-30,0.688229
5,1228651,491165,18,0.00366476,30,1.38316
1,507,245,0,0,75,0.000253
2,3539,738,2,0.271003,15,0.004134
3,152111,71803,1,0.0013927,-45,0.0764825
4,223409,60084,1,0.00166434,-20,0.425819
5,2571071,1168889,3,0.000256654,0,1.48084
1,808,370,0,0,-80,0.0003766
2,1987,558,3,0.537634,-160,0.002672
3,23780,10922,0,0,-160,0.0114367
4,46079,18522,2,0.010798,-205,0.068806
5,602808,238673,17,0.00712272,-210,0.493496
1,262,123,1,0.813008,105,0.00013
2,2172,678,4,0.589971,135,0.0033596
3,16316,7344,5,0.0680828,165,0.0097237
4,182945,74367,12,0.0161362,180,0.193056
5,369572,124789,23,0.0184311,240,0.483637
1,129,56,0,0,280,0.0001057
2,955,254,1,0.393701,210,0.0014047
3,6112,1816,6,0.330396,170,0.0094092
4,58108,19970,10,0.0500751,160,0.0907093
5,271920,94036,13,0.0138245,175,0.620246
1,363,148,1,0.675676,170,0.000398
2,766,250,1,0.4,180,0.0024235
3,3595,1733,2,0.115407,255,0.002975
4,64323,30620,5,0.0163292,-30,0.0956485
5,170664,74505,3,0.00402658,-10,0.18386
1,101,46,0,0,315,6.93e-05
2,341,106,1,0.943396,290,0.000409
3,7266,3222,3,0.0931099,190,0.003783
4,16290,5483,5,0.091191,180,0.0162972
5,49555,20381,1,0.00490653,180,0.032163
1,312,114,0,0,-50,0.0003773
2,734,325,0,0,-100,0.0007739
3,6399,3026,0,0,-35,0.0036079
4,66313,29821,5,0.0167667,-50,0.06572
5,142847,59297,9,0.0151778,-45,0.254553
1,278,116,2,1.72414,-50,0.0001685
2,1129,473,0,0,-50,0.0007309
3,13050,4501,3,0.0666519,-80,0.0140933
4,69671,29738,2,0.0067254,-85,0.0649224
5,376959,178701,2,0.00111919,-85,0.266016
1,554,274,0,0,-50,0.00029
2,1572,320,1,0.3125,-100,0.0100736
3,72690,34319,4,0.0116554,-95,0.0370409
4,100358,38321,11,0.0287049,-130,0.0937724
5,7770505,3766700,3,7.96453e-05,-170,3.66331
1,162,78,0,0,180,0.0001134
2,2294,723,0,0,50,0.0110311
3,15978,7071,5,0.0707114,80,0.0155018
4,374162,165544,12,0.00724883,70,0.324085
5,1946832,601850,9,0.00149539,100,2.44702
1,131,62,0,0,-115,6.1e-05
2,254,94,0,0,-200,0.0001683
3,1224,581,0,0,-140,0.0006014
4,3250,1189,3,0.252313,-110,0.0035085
5,9984,3825,9,0.235294,-140,0.0072533
1,412,168,2,1.19048,125,0.0002939
2,1453,595,2,0.336134,20,0.0008667
3,17128,7657,11,0.143659,85,0.0106809
4,107706,41006,12,0.029264,15,0.0984019
5,283355,122558,12,0.00979128,45,0.246014
1,160,66,0,0,165,0.000161
2,1992,417,7,1.67866,255,0.0034724
3,13056,5178,6,0.115875,180,0.0099563
4,80483,26253,5,0.0190454,130,0.0930096
5,136204,51786,1,0.00193102,175,0.111063
1,157,77,0,0,-45,7.5e-05
2,1084,400,3,0.75,-165,0.0013086
3,18820,8651,7,0.0809155,-235,0.0158102
4,26876,11272,7,0.0621008,-260,0.0358962
5,200436,86324,21,0.024327,-350,0.126718
1,240,117,0,0,140,0.0001244
2,1922,693,0,0,10,0.0085086
3,24569,10887,13,0.119408,40,0.0181791
4,321761,149967,6,0.00400088,10,0.229416
5,1109694,493800,9,0.0018226,20,1.15148
1,656,248,3,1.20968,80,0.0009538
2,2769,856,2,0.233645,-10,0.0057004
3,92889,41019,6,0.0146274,45,0.101522
4,297018,95026,5,0.00526172,20,0.78308
5,5831135,2731729,30,0.00109821,20,4.2894
1,157,71,1,1.40845,140,0.0001082
2,5299,964,6,0.622407,95,0.0147311
3,17834,5426,1,0.0184298,105,0.0313584
4,597509,195872,18,0.00918967,80,0.999832
5,913872,238567,20,0.00838339,120,1.99222
1,685,336,3,0.892857,65,0.0003841
2,3080,752,1,0.132979,-5,0.0047186
3,217890,102198,14,0.0136989,-65,0.115732
4,272517,101544,3,0.00295438,-105,0.572433
5,2270677,992743,7,0.000705117,-35,1.65319
1,164,66,3,4.54545,375,0.0001167
2,928,380,1,0.263158,330,0.0011441
3,7180,3493,1,0.0286287,310,0.003781
4,75606,29779,4,0.0134323,275,0.150055
5,188433,83879,0,0,275,0.186307
1,284,134,2,1.49254,-50,0.000125
2,1198,452,2,0.442478,-60,0.0015632
3,11908,5551,6,0.108089,-50,0.0071819
4,504706,242728,15,0.00617976,-20,0.271974
5,197778,89789,4,0.00445489,0,0.194537
1,158,64,2,3.125,-115,0.0001046
2,337,115,4,3.47826,0,0.0003526
3,1920,824,4,0.485437,0,0.0009517
4,3481,1633,0,0,0,0.0028631
5,14930,5244,5,0.0953471,0,0.0114339
1,140,67,0,0,-30,6.66e-05
2,2465,1118,5,0.447227,-60,0.0018785
3,8973,4093,1,0.024432,-60,0.0051349
4,541616,260697,17,0.00652098,-70,0.458405
5,922019,269973,4,0.00148163,-60,2.00139
1,464,202,3,1.48515,30,0.0004197
2,1640,417,1,0.239808,30,0.0050661
3,37274,17196,2,0.0116306,30,0.024282
4,178177,61124,6,0.00981611,155,0.311259
5,165045,55849,1,0.00179054,190,0.340394
1,160,71,1,1.40845,120,0.0001165
2,4789,1288,9,0.698758,220,0.0151886
3,2004,533,0,0,220,0.0051892
4,485483,239603,6,0.00250414,230,0.207091
5,133777,70670,3,0.00424508,215,0.301618
1,266,123,1,0.813008,40,0.0001417
2,2873,998,3,0.300601,75,0.0029119
3,9191,4134,2,0.0483793,105,0.0048539
4,393738,156907,12,0.00764784,150,0.309354
5,760981,321822,4,0.00124292,165,0.848971
1,516,255,0,0,130,0.0002387
2,2002,380,2,0.526316,120,0.0113572
3,66291,31468,9,0.0286005,140,0.0412143
4,221884,75826,2,0.00263762,180,0.666741
5,1396881,588855,0,0,180,2.01604
1,144,61,1,1.63934,200,9.6e-05
2,411,125,1,0.8,210,0.0004592
3,5169,2463,1,0.0406009,170,0.0022765
4,19818,9595,6,0.0625326,205,0.0143969
5,37028,14112,6,0.042517,265,0.0404398
1,456,223,0,0,-5,0.0002523
2,1104,364,1,0.274725,-25,0.0014364
3,33602,16265,3,0.0184445,5,0.0129104
4,132588,54754,12,0.0219162,-10,0.150534
5,2740839,1294879,16,0.00123564,-5,1.16738
1,1196,369,3,0.813008,10,0.0012368
2,2737,592,1,0.168919,-20,0.0037314
3,206404,100681,7,0.00695265,5,0.0908867
4,689783,210378,6,0.00285201,0,0.882438
5,4067443,1771111,15,0.000846926,40,4.24996
1,124,59,0,0,80,6.74e-05
2,605,203,1,0.492611,95,0.0009446
3,4980,1734,4,0.230681,100,0.0058075
4,43415,19498,9,0.0461586,145,0.026548
5,70484,26790,1,0.00373274,145,0.116274
1,246,117,3,2.5641,135,0.00011
2,2150,684,7,1.02339,215,0.0062233
3,8231,3784,0,0,215,0.0050931
4,113704,48097,18,0.0374244,235,0.12433
5,215075,88449,7,0.00791417,275,0.375707
1,409,187,2,1.06952,-10,0.000269
2,4211,1711,3,0.175336,-30,0.0044733
3,18169,8932,2,0.0223914,30,0.0084581
4,74115,36820,2,0.00543183,145,0.0822811
5,184100,72434,4,0.00552227,110,0.272248
1,523,255,2,0.784314,35,0.0002244
2,1526,564,6,1.06383,5,0.0017611
3,23093,10409,8,0.0768566,55,0.0165816
4,118156,46829,2,0.00427086,20,0.156749
5,566341,241447,14,0.00579837,60,0.64463
1,384,166,0,0,-75,0.0003191
2,1428,456,3,0.657895,-105,0.0024057
3,20404,6870,9,0.131004,-90,0.0291825
4,241916,100834,5,0.00495864,-130,0.242181
5,1310635,375929,29,0.00771422,-45,3.09072
1,124,59,0,0,50,7.27e-05
2,1418,659,1,0.151745,160,0.0013084
3,753,451,0,0,160,0.0008366
4,24062,11214,3,0.0267523,65,0.0405517
5,180592,83958,1,0.00119107,10,0.142543
1,170,71,2,2.8169,-10,0.0001306
2,3095,929,8,0.861141,80,0.0035908
3,2604,974,1,0.102669,80,0.001938
4,94236,35411,10,0.0282398,70,0.085474
5,303722,116163,19,0.0163563,85,0.278827
1,46,20,0,0,230,3.8e-05
2,230,95,1,1.05263,195,0.0001961
3,1660,627,3,0.478469,45,0.0009948
4,2631,852,6,0.704225,5,0.0026489
5,15193,7011,3,0.0427899,15,0.0071454
1,145,56,2,3.57143,60,0.0001388
2,797,292,1,0.342466,50,0.0013418
3,5293,2527,1,0.0395726,60,0.0030331
4,157727,74614,10,0.0134023,20,0.104748
5,252024,126498,4,0.00316211,35,0.198807
1,252,123,0,0,120,0.0001305
2,1354,500,0,0,10,0.0070491
3,23985,10514,13,0.123645,15,0.0182802
4,126799,52479,16,0.0304884,-10,0.151591
5,517627,229779,11,0.00478721,10,0.65633
1,185,83,0,0,60,0.0001169
2,315,119,0,0,60,0.0002378
3,6659,2970,4,0.13468,60,0.0037327
4,27783,10095,11,0.108965,65,0.0421744
5,1046296,492507,54,0.0109643,-5,0.481695
1,775,352,1,0.284091,-10,0.0004605
2,6165,1478,7,0.473613,-60,0.0094349
3,143243,66529,9,0.0135279,-35,0.073943
4,373953,93191,0,0,-35,0.551723
5,2005797,768222,8,0.00104137,-30,1.79627
1,241,117,0,0,-10,0.0001095
2,686,274,3,1.09489,-10,0.0005948
3,14605,6853,2,0.0291843,20,0.0073966
4,120196,43560,5,0.0114784,-40,0.207056
5,1138366,528257,9,0.00170372,-30,0.602621
1,266,120,1,0.833333,-130,0.0001857
2,1754,766,3,0.391645,-130,0.0010871
3,22046,6236,6,0.0962155,-150,0.024143
4,198845,93381,5,0.00535441,-165,0.11045
5,862584,338784,21,0.00619864,-170,0.66543
1,450,213,1,0.469484,-35,0.0002314
2,2159,558,0,0,-195,0.0033949
3,54108,26042,5,0.0191998,-195,0.0241959
4,55029,37255,1,0.0026842,-245,0.144646
5,755076,274635,11,0.00400532,-275,0.791365
1,58,26,0,0,100,4.06e-05
2,598,237,5,2.1097,-20,0.0004858
3,3589,1528,6,0.39267,-160,0.0026772
4,19798,8696,12,0.137994,0,0.0202143
5,39680,18722,13,0.069437,-60,0.0344227
1,168,79,0,0,-40,0.0001095
2,365,141,0,0,-40,0.0003886
3,22601,10070,13,0.129096,-110,0.013777
4,22811,7989,8,0.100138,-110,0.027892
5,264946,115472,14,0.0121242,-80,0.181975
1,189,86,1,1.16279,135,9.56e-05
2,527,166,1,0.60241,140,0.0005469
3,24467,10739,6,0.0558711,10,0.013649
4,78254,22585,10,0.0442772,-120,0.149919
5,359378,159739,5,0.00313011,-100,0.203943
1,161,37,0,0,-5,0.0003265
2,540,205,2,0.97561,-10,0.0005769
3,2896,1428,1,0.070028,-35,0.002271
4,3876,1699,0,0,-35,0.0082556
5,20674,8088,4,0.049456,125,0.0144526
1,386,190,0,0,-50,0.000146
2,388,282,0,0,-100,0.0003733
3,971,264,1,0.378788,-110,0.0020303
4,16113,7657,2,0.0261199,-150,0.0069736
5,28362,15108,1,0.00661901,-140,0.0271135
1,230,110,1,0.909091,-370,0.0002409
2,431,241,0,0,-370,0.000448
3,2299,635,3,0.472441,-285,0.0039507
4,39043,18748,1,0.0053339,-280,0.020676
5,125052,41825,18,0.0430365,-350,0.269946
1,1162,512,1,0.195312,-50,0.0006158
2,6307,2899,4,0.137979,-100,0.0036942
3,96157,45126,7,0.0155121,-95,0.0455105
4,478426,231524,5,0.0021596,-150,0.373498
5,6737342,2765466,29,0.00104865,-140,5.06894
1,68,31,0,0,85,5.44e-05
2,376,115,0,0,110,0.0006121
3,1611,629,4,0.63593,160,0.0012071
4,23551,10618,7,0.0659258,220,0.0136139
5,12608,5598,1,0.0178635,220,0.0174011
1,179,85,0,0,90,9.27e-05
2,2353,586,9,1.53584,170,0.0037615
3,3202,1314,4,0.304414,210,0.0023605
4,26556,11205,8,0.0713967,265,0.01892
5,91218,28984,4,0.0138007,220,0.091304
1,533,262,0,0,185,0.0002354
2,1193,430,3,0.697674,205,0.0020441
3,62560,29537,1,0.00338558,140,0.0334504
4,84546,31728,1,0.00315179,145,0.17514
5,852661,379262,0,0,145,0.670947
1,330,96,4,4.16667,-350,0.0004268
2,389,129,1,0.775194,-350,0.0003741
3,5156,2032,1,0.0492126,-370,0.0033839
4,29634,11869,8,0.0674025,-375,0.023593
5,105744,42156,9,0.0213493,-400,0.0739803
1,117,57,0,0,-25,5.42e-05
2,1885,820,2,0.243902,-100,0.0022207
3,8006,3344,6,0.179426,-25,0.0055721
4,84018,36059,8,0.0221859,-70,0.100061
5,212769,78094,5,0.00640254,-50,0.315981
1,240,117,0,0,140,0.0001316
2,3641,1082,3,0.277264,75,0.0050167
3,17631,8111,5,0.0616447,130,0.0087665
4,84684,30354,4,0.0131778,85,0.128742
5,328231,132739,8,0.00602686,155,0.285857
1,253,125,0,0,40,0.0001013
2,1597,624,1,0.160256,-50,0.0035836
3,24210,10592,12,0.113293,20,0.0177104
4,107327,42269,6,0.0141948,-10,0.128056
5,1613328,680074,24,0.00352903,-30,1.54163
1,189,72,1,1.38889,-10,0.0002006
2,5588,1752,4,0.228311,-30,0.0095067
3,11829,4849,3,0.0618684,-10,0.0129937
4,141758,44674,2,0.00447688,-10,0.212399
5,825205,286550,13,0.00453673,30,1.54625
1,205,72,0,0,150,0.0002223
2,799,131,0,0,150,0.0014688
3,34956,6937,5,0.0720773,70,0.0569882
4,66666,14714,8,0.05437,50,0.110709
5,385278,89700,11,0.0122631,90,0.563806
1,185,65,1,1.53846,-5,0.0002494
2,366,99,1,1.0101,-25,0.0005803
3,7278,3435,0,0,-25,0.0029703
4,18908,6199,3,0.0483949,25,0.0215776
5,130898,56314,8,0.0142061,-25,0.0772145
1,785,388,3,0.773196,40,0.0003173
2,5046,1366,11,0.805271,-50,0.0143049
3,51695,23753,18,0.0757799,10,0.0297024
4,259822,104726,16,0.015278,20,0.26658
5,1630825,710399,16,0.00225226,50,1.54559
1,638,308,1,0.324675,-15,0.0002869
2,1873,500,4,0.8,-50,0.002155
3,81081,35752,20,0.0559409,-50,0.0515887
4,365463,92510,14,0.0151335,-80,0.70396
5,7235989,3243519,19,0.000585784,-70,5.79344
1,122,58,0,0,140,8.56e-05
2,1028,351,0,0,50,0.0025112
3,7774,3187,0,0,50,0.0064514
4,67869,29209,4,0.0136944,10,0.0524817
5,476320,184615,13,0.00704168,0,0.425045
1,84,39,0,0,540,5.82e-05
2,975,435,0,0,610,0.001095
3,1074,658,0,0,715,0.0007487
4,9361,3719,0,0,565,0.007719
5,45969,20912,5,0.0239097,585,0.0438146
1,230,112,0,0,175,0.0001325
2,1995,617,1,0.162075,90,0.0030647
3,14466,6590,6,0.091047,160,0.008205
4,96677,35863,9,0.0250955,155,0.111788
5,139960,58504,1,0.00170928,190,0.139782
1,762,282,4,1.41844,-70,0.0007153
2,2176,805,6,0.745342,-130,0.001896
3,26156,12122,2,0.0164989,-100,0.0137263
4,81856,25667,8,0.0311684,-130,0.122094
5,411302,169024,4,0.00236653,-110,0.347778
1,89,36,1,2.77778,80,7.4e-05
2,806,302,7,2.31788,125,0.0007552
3,1881,856,0,0,125,0.0008287
4,14808,6023,2,0.033206,135,0.0108421
5,43925,17599,19,0.107961,130,0.03567
1,125,61,0,0,15,6.07e-05
2,702,234,3,1.28205,5,0.0009204
3,3118,1326,5,0.377074,45,0.0026457
4,16073,6443,2,0.0310414,10,0.0167854
5,35622,15414,6,0.0389257,70,0.0370148
1,151,71,2,2.8169,45,7.92e-05
2,4301,1883,5,0.265534,-60,0.0035534
3,16332,5590,6,0.107335,-55,0.0284628
4,120596,55547,1,0.00180028,-55,0.148396
5,284786,143725,6,0.00417464,-75,0.300388
1,153,75,0,0,30,7.82e-05
2,627,289,0,0,-20,0.00063
3,4595,1908,2,0.104822,-70,0.0043807
4,18821,6884,0,0,-70,0.0821862
5,84092,35341,0,0,-70,0.0622474
1,157,74,0,0,-260,8.62e-05
2,117,72,0,0,-260,0.0001151
3,948,328,5,1.52439,-265,0.0010883
4,1375,508,2,0.393701,-295,0.0014818
5,15165,6978,9,0.128977,-305,0.007169
1,1931,709,1,0.141044,-50,0.0031248
2,2409,901,5,0.554939,-55,0.0044621
3,319679,112596,7,0.00621692,-130,0.557296
4,149982,71890,5,0.00695507,-120,0.266226
5,6064623,2871855,9,0.000313386,-130,3.53789
1,460,226,0,0,-90,0.0001739
2,1543,649,2,0.308166,-130,0.0012144
3,20214,8074,4,0.0495417,-140,0.0181342
4,236839,109067,5,0.00458434,-160,0.163573
5,1115867,498012,3,0.000602395,-180,0.699809
1,610,190,6,3.15789,-100,0.0006898
2,573,153,1,0.653595,-100,0.0008145
3,9495,4052,3,0.0740375,-100,0.0055457
4,79201,25142,13,0.0517063,-190,0.0879309
5,382462,160706,13,0.00808931,-180,0.255362
1,82,38,0,0,120,5.74e-05
2,588,255,1,0.392157,85,0.0007004
3,3747,1717,0,0,85,0.001734
4,43521,19182,7,0.0364925,80,0.0307457
5,70298,28073,0,0,110,0.0635813
1,1187,544,4,0.735294,-145,0.0008602
2,2455,741,1,0.134953,-105,0.0048185
3,64209,30921,0,0,-105,0.0319862
4,225162,100922,10,0.00990864,-90,0.553403
5,1205751,507417,0,0,-90,0.993272
1,363,102,5,4.90196,-95,0.0004307
2,324,110,0,0,-95,0.0003722
3,7607,3117,7,0.224575,-40,0.005714
4,37298,12486,15,0.120135,-110,0.0386834
5,102853,44183,14,0.0316864,-110,0.0803824
1,1610,548,2,0.364964,120,0.0030762
2,5193,1961,1,0.0509944,0,0.0083881
3,304083,143517,19,0.0132388,50,0.218608
4,792948,253909,7,0.00275689,5,1.70649
5,22853816,11082520,36,0.000324836,20,11.5099
1,108,51,0,0,30,7.42e-05
2,3179,1415,3,0.212014,40,0.0027115
3,4337,1997,0,0,40,0.0028086
4,176013,86244,0,0,90,0.0729318
5,171888,77778,9,0.0115714,110,0.54165
1,985,355,1,0.28169,-155,0.0008736
2,708,211,1,0.473934,-170,0.0008262
3,8244,3708,2,0.0539374,-30,0.0059786
4,57549,27028,7,0.0258991,-60,0.0310017
5,236113,100604,24,0.0238559,-80,0.161337
1,251,86,2,2.32558,120,0.0002082
2,4507,1162,6,0.516351,90,0.0052472
3,28988,8724,4,0.0458505,80,0.0299486
4,477513,197962,4,0.00202059,95,0.362085
5,1768264,542554,12,0.00221176,85,1.96515
1,930,61,2,3.27869,20,0.0021003
2,3125,449,6,1.3363,-15,0.0055868
3,20925,4176,12,0.287356,50,0.0322997
4,74504,16660,28,0.168067,-15,0.115742
5,161387,33264,14,0.0420875,90,0.271297
1,317,155,2,1.29032,-310,0.0001752
2,1498,453,4,0.883002,-340,0.0048924
3,27830,13067,8,0.0612229,-465,0.0306935
4,30052,19679,0,0,-465,0.0428736
5,199336,79687,18,0.0225884,-460,0.366152
1,158,53,3,5.66038,0,0.0001463
2,1676,728,10,1.37363,-40,0.0009682
3,9726,3373,19,0.563297,-50,0.0094806
4,36886,14267,11,0.077101,-110,0.0366257
5,414063,129841,37,0.0284964,-135,0.498132
1,131,64,0,0,25,9.48e-05
2,1004,382,4,1.04712,10,0.0013864
3,4283,1992,0,0,10,0.0028723
4,25383,10346,8,0.0773246,40,0.0291263
5,300604,118254,39,0.0329799,-25,0.28149
1,583,276,1,0.362319,10,0.0003329
2,636,347,1,0.288184,-30,0.0007922
3,60471,28291,9,0.0318122,-75,0.0536213
4,93984,43352,32,0.0738144,-120,0.123121
5,3302799,1565380,15,0.000958234,-50,1.88999
1,525,257,0,0,185,0.00026
2,1495,392,2,0.510204,165,0.0024073
3,40427,19312,3,0.0155344,175,0.0197984
4,197684,66175,4,0.00604458,155,0.237476
5,588176,247626,8,0.00323068,210,0.49831
1,967,338,0,0,-150,0.0023004
2,3408,1122,2,0.178253,-150,0.0089715
3,238014,100064,21,0.0209866,-150,0.250247
4,808889,231620,4,0.00172697,-190,2.1607
5,13894671,6371269,18,0.000282518,-140,11.2832
1,610,270,0,0,30,0.0004246
2,1476,409,1,0.244499,20,0.0036953
3,54304,22589,5,0.0221347,20,0.0516916
4,315359,113954,47,0.0412447,-15,0.583189
5,3193975,1349246,25,0.00185289,-10,2.96186
1,125,61,0,0,150,6.55e-05
2,6315,1704,1,0.0586854,90,0.0093946
3,10050,3680,8,0.217391,155,0.0094928
4,361842,154325,5,0.00323992,90,0.287351
5,963705,385606,25,0.0064833,155,1.15596
1,1037,515,2,0.38835,0,0.0004829
2,3607,968,5,0.516529,-50,0.0063841
3,301941,149386,6,0.00401644,-35,0.135143
4,886500,224301,10,0.00445829,-50,1.71957
5,7624882,3460293,23,0.000664684,-40,4.91256
1,192,59,3,5.08475,185,0.0002416
2,2654,931,5,0.537057,135,0.0029506
3,13554,5170,11,0.212766,110,0.0183817
4,188848,85623,8,0.00934328,110,0.199939
5,227283,92265,6,0.00650301,80,0.304556
1,121,59,0,0,45,6.56e-05
2,1001,416,1,0.240385,70,0.0017972
3,9472,3061,9,0.294022,70,0.012407
4,94953,44308,5,0.0112846,115,0.0501271
5,260414,97091,12,0.0123595,25,0.306234
1,238,65,1,1.53846,-35,0.0002953
2,607,173,0,0,-35,0.0007561
3,17018,4934,6,0.121605,-90,0.0210271
4,24247,7793,1,0.012832,-155,0.0323059
5,357914,142320,11,0.00772906,-110,0.306494
1,141,59,1,1.69492,-135,0.0001341
2,1145,443,0,0,-175,0.0013689
3,14172,5089,8,0.157202,-145,0.0299928
4,496254,236359,17,0.00719245,-90,0.361357
5,100105,66198,2,0.00302124,-95,0.135914
1,102,46,2,4.34783,-5,6.88e-05
2,341,123,0,0,-15,0.0004278
3,5347,2211,6,0.27137,-55,0.0051945
4,56661,25324,18,0.0710788,-25,0.0425702
5,256819,93026,10,0.0107497,-40,0.359456
1,91,43,1,2.32558,-10,6.2e-05
2,1416,494,3,0.607287,40,0.0014422
3,807,292,0,0,40,0.0007359
4,26124,11589,17,0.146691,80,0.0177395
5,35876,12165,3,0.0246609,80,0.0410324
1,747,254,2,0.787402,-50,0.0011635
2,2618,1078,1,0.0927644,-70,0.0035681
3,97971,45002,17,0.0377761,-40,0.0744058
4,409807,183409,13,0.00708798,-70,0.475026
5,3515578,1626152,7,0.000430464,-70,2.47788
1,317,157,0,0,380,0.0001627
2,2074,843,6,0.711744,305,0.0030975
3,18228,8539,1,0.011711,320,0.0131163
4,139902,45418,3,0.00660531,290,0.357857
5,631472,275159,11,0.00399769,330,0.735679
1,193,77,1,1.2987,60,0.0002126
2,777,245,1,0.408163,60,0.0011207
3,4454,1838,0,0,60,0.0034845
4,30300,13005,0,0,60,0.0223282
5,139001,55812,2,0.00358346,10,0.134568
1,168,81,0,0,225,0.0001049
2,2513,849,4,0.471143,175,0.0037069
3,5055,2025,3,0.148148,185,0.0056336
4,121525,46687,15,0.0321289,185,0.107356
5,178932,75597,6,0.00793682,245,0.201228
1,73,32,0,0,100,6.27e-05
2,499,159,3,1.88679,110,0.0006905
3,3215,1252,1,0.0798722,60,0.0035014
4,38317,15417,14,0.0908088,20,0.0303526
5,234964,91251,15,0.0164382,30,0.224688
1,275,131,0,0,10,0.0002269
2,869,299,5,1.67224,-60,0.0016617
3,24197,10755,3,0.027894,-80,0.0208791
4,83727,32343,10,0.0309186,-130,0.117522
5,2556476,1107479,46,0.00415358,-90,2.22537
1,159,77,1,1.2987,100,0.0001362
2,3147,930,2,0.215054,30,0.0134943
3,20174,7773,15,0.192976,80,0.0294132
4,609809,257101,36,0.0140023,50,0.692608
5,852326,235291,6,0.00255003,90,2.16818
1,382,188,1,0.531915,-125,0.0001671
2,614,229,0,0,-170,0.0006625
3,27905,13395,1,0.00746547,-220,0.0116697
4,42186,30010,0,0,-255,0.064122
5,237099,95179,4,0.00420261,-185,0.149239
1,108,51,1,1.96078,115,6.48e-05
2,238,89,0,0,20,0.000286
3,5885,2657,4,0.150546,-230,0.0041428
4,10136,4802,8,0.166597,-240,0.0104024
5,55721,22588,3,0.0132814,-260,0.0430164
1,366,174,1,0.574713,60,0.0002254
2,3388,1281,4,0.312256,-40,0.007257
3,33736,15260,1,0.00655308,10,0.0323038
4,268072,94298,11,0.0116651,-5,1.06053
5,1358241,578594,1,0.000172833,0,1.92993
1,492,241,1,0.414938,140,0.0002361
2,1882,559,3,0.536673,105,0.0026094
3,21574,9454,7,0.0740427,105,0.0127347
4,142304,60560,6,0.00990753,90,0.220109
5,2134530,983714,57,0.00579437,120,1.83285
1,559,278,0,0,60,0.0002301
2,2901,984,9,0.914634,60,0.0053341
3,36821,17650,2,0.0113314,80,0.020189
4,120511,51909,5,0.00963224,40,0.237669
5,592614,265158,23,0.00867407,95,1.0228
1,111,52,2,3.84615,80,6.41e-05
2,178,93,1,1.07527,-55,0.0002482
3,465,188,3,1.59574,40,0.0003598
4,4563,1846,10,0.541712,-80,0.0039422
5,6953,3795,3,0.0790514,60,0.0088252
1,689,262,0,0,10,0.0006004
2,2260,838,13,1.55131,-30,0.0024306
3,122510,50718,6,0.0118301,-30,0.0893998
4,108134,56689,5,0.00882005,-95,0.128346
5,4774137,2108931,42,0.00199153,-65,3.00244
1,481,187,4,2.13904,-10,0.000565
2,1467,545,7,1.2844,-40,0.0028321
3,44589,20048,18,0.0897845,-30,0.0381556
4,86143,36601,11,0.0300538,-40,0.210222
5,460713,203842,18,0.00883037,30,0.55546
1,82,34,1,2.94118,260,6.73e-05
2,1601,455,14,3.07692,315,0.0017934
3,2146,872,4,0.458716,355,0.0013879
4,11154,4601,12,0.260813,450,0.0102835
5,13098,5034,3,0.0595948,405,0.0149206
1,576,229,0,0,-10,0.0006968
2,1678,624,0,0,-10,0.0028328
3,78835,38281,1,0.00261226,-20,0.0399729
4,222454,98274,7,0.00712294,-10,0.287182
5,2130584,959332,15,0.00156359,-5,2.9762
1,216,103,1,0.970874,-40,0.000118
2,1601,629,2,0.317965,-70,0.0024758
3,20878,7211,4,0.0554708,-95,0.0243039
4,239221,113608,34,0.0299275,-140,0.717979
5,1217392,607561,20,0.00329185,-160,1.26991
1,482,232,2,0.862069,-50,0.000224
2,962,288,0,0,-120,0.0011744
3,85286,36655,10,0.0272814,-190,0.0612223
4,92829,45249,8,0.0176799,-235,0.152527
5,1505973,685790,11,0.00160399,-210,0.802415
1,183,83,1,1.20482,80,0.000156
2,2413,966,6,0.621118,50,0.0026075
3,13714,5550,7,0.126126,60,0.011809
4,232799,101879,12,0.0117787,25,0.223338
5,1426900,450805,13,0.00288373,40,2.58571
1,481,239,0,0,160,0.0001969
2,1288,388,0,0,70,0.0037834
3,86307,41537,11,0.0264824,120,0.0548433
4,180411,73850,6,0.00812458,60,0.45801
5,2250615,1082913,16,0.0014775,90,1.54727
1,155,70,1,1.42857,240,0.0001584
2,402,205,2,0.97561,240,0.0009871
3,1074,377,0,0,240,0.0014509
4,10519,4351,6,0.137899,230,0.0100628
5,29485,13909,0,0,230,0.0465566
1,97,44,0,0,-40,9.01e-05
2,769,309,2,0.647249,-80,0.0009145
3,4228,1570,5,0.318471,-60,0.0064728
4,22695,9988,11,0.110132,-60,0.0280648
5,170085,65520,23,0.0351038,-50,0.185787
1,134,49,2,4.08163,-180,0.0001143
2,1047,462,3,0.649351,-200,0.0006097
3,5817,2056,10,0.486381,-230,0.0056128
4,21215,7111,3,0.0421882,-235,0.0485447
5,241517,72042,19,0.0263735,-180,0.360275
1,505,251,0,0,165,0.0003024
2,1402,438,1,0.228311,-10,0.0043576
3,89767,41256,12,0.0290867,15,0.0708164
4,144418,59809,15,0.0250798,-45,0.217521
5,4559479,2078617,28,0.00134705,-15,2.88678
1,489,243,0,0,120,0.0001975
2,2042,662,4,0.60423,80,0.0039973
3,55963,25754,9,0.034946,60,0.0385112
4,130922,51542,15,0.0291025,80,0.232036
5,2361118,1064311,33,0.0031006,30,1.96405
1,434,113,1,0.884956,-70,0.000709
2,1217,275,4,1.45455,-190,0.0022118
3,32742,13877,7,0.0504432,-190,0.0230802
4,70819,20100,6,0.0298507,-165,0.112353
5,1709167,793443,63,0.00794008,-270,0.980777
1,391,190,0,0,50,0.0002309
2,1203,374,1,0.26738,0,0.0025223
3,60725,27941,13,0.0465266,25,0.0518161
4,259126,77471,10,0.0129081,-35,0.849043
5,4640710,2100235,43,0.00204739,-5,4.20837
1,160,58,2,3.44828,-50,0.0003369
2,822,323,2,0.619195,-60,0.0012827
3,9354,4209,2,0.0475172,-50,0.0062408
4,342703,160133,32,0.0199834,-90,0.317536
5,278086,113641,1,0.000879964,-40,0.271062
1,453,222,0,0,-50,0.0002212
2,1836,571,2,0.350263,-50,0.0038277
3,49048,22132,4,0.0180734,-35,0.0376466
4,585910,232184,9,0.00387624,-65,1.00371
5,3464138,1493629,9,0.000602559,-45,3.63955
1,303,150,0,0,145,0.0001444
2,1204,298,1,0.33557,145,0.0032443
3,9254,3966,4,0.100857,200,0.0080387
4,138288,54004,7,0.012962,170,0.307853
5,138421,56674,5,0.00882239,245,0.331733
1,273,82,0,0,200,0.0003688
2,6360,728,12,1.64835,95,0.0123661
3,17535,3850,18,0.467532,190,0.0263161
4,93481,15884,20,0.125913,115,0.171369
5,219782,44316,9,0.0203087,170,0.372167
1,502,247,1,0.404858,-30,0.0002373
2,2452,628,3,0.477707,-60,0.0115134
3,74200,34043,20,0.0587492,-50,0.075238
4,486428,175090,15,0.00856702,-60,1.11102
5,3055599,1316090,21,0.00159564,-45,4.37589
1,660,325,1,0.307692,50,0.0002864
2,4419,1474,9,0.610583,10,0.0102761
3,90725,44081,7,0.0158799,40,0.0501146
4,166593,71176,1,0.00140497,20,0.442036
5,4218863,1971528,9,0.000456499,20,2.95779
1,333,113,3,2.65487,-430,0.0002697
2,735,267,5,1.87266,-440,0.0006152
3,9159,4373,0,0,-410,0.0038755
4,20256,9694,7,0.0722096,-385,0.0107196
5,66349,24899,6,0.0240974,-400,0.0586492
1,329,154,0,0,20,0.0002325
2,1010,419,0,0,20,0.0029337
3,30619,14166,12,0.0847099,-65,0.043911
4,395720,183994,17,0.00923943,-10,0.992544
5,1078103,508836,11,0.0021618,-10,1.25194
1,467,162,2,1.23457,-150,0.0004119
2,826,236,1,0.423729,-215,0.0011287
3,42570,20123,2,0.00993888,-245,0.0202521
4,28980,22074,0,0,-245,0.0382228
5,193959,69471,2,0.0028789,-260,0.170246
1,147,72,0,0,80,7e-05
2,1848,806,3,0.372208,10,0.0037937
3,23917,6499,7,0.107709,-45,0.0550291
4,203253,94116,4,0.00425007,-50,0.151277
5,2036100,633010,35,0.00552914,-25,4.47242
1,538,255,1,0.392157,-155,0.0002782
2,1297,464,1,0.215517,-205,0.0023179
3,79596,36854,11,0.0298475,-195,0.0560333
4,165274,77740,2,0.00257268,-205,0.484996
5,1895989,772399,25,0.00323667,-185,2.30663
1,405,201,0,0,200,0.0001838
2,1912,637,4,0.627943,130,0.0057442
3,59022,28736,5,0.0173998,145,0.0314062
4,205084,52835,4,0.00757074,110,0.630851
5,2455381,1112889,18,0.00161741,115,2.10456
1,187,69,2,2.89855,-160,0.0001936
2,588,123,2,1.62602,-165,0.0009229
3,5316,2021,6,0.296883,-130,0.0044093
4,18217,8050,7,0.0869565,-165,0.0245759
5,50091,14187,11,0.0775358,-155,0.0631795
1,207,101,1,0.990099,-50,9.24e-05
2,8625,3293,6,0.182205,-90,0.0084255
3,17490,6772,6,0.0886001,-60,0.0138722
4,1131347,514742,19,0.00369117,-50,0.691134
5,295159,142143,5,0.00351758,25,0.333612
1,172,76,1,1.31579,80,0.0001226
2,3143,768,4,0.520833,30,0.0066143
3,18841,6810,16,0.234949,100,0.0300566
4,341437,134206,11,0.00819635,70,0.409888
5,623766,232745,24,0.0103117,105,1.26901
1,259,117,1,0.854701,195,0.0002009
2,869,339,2,0.589971,150,0.0012074
3,10388,4724,6,0.127011,90,0.0099278
4,167520,76770,15,0.0195389,100,0.119525
5,699114,312671,74,0.023667,30,0.833638
1,365,181,0,0,220,0.0001751
2,984,253,0,0,145,0.0030805
3,50418,24676,4,0.0162101,145,0.0239075
4,181178,49461,6,0.0121308,155,0.482838
5,462141,179909,13,0.00722588,210,0.703234
1,40,15,1,6.66667,-110,3.91e-05
2,229,96,1,1.04167,-110,0.0001505
3,1148,309,1,0.323625,-110,0.0019626
4,9204,4157,4,0.0962232,-110,0.0067396
5,17629,6892,0,0,-130,0.024118
1,135,64,2,3.125,85,7.13e-05
2,5921,2631,5,0.190042,260,0.005144
3,3158,1297,11,0.848111,300,0.0021518
4,166970,82696,14,0.0169295,310,0.0747083
5,343279,198686,8,0.00402645,160,0.305722
1,729,361,2,0.554017,-235,0.0002753
2,698,462,2,0.4329,-135,0.0009687
3,5446,1739,3,0.172513,-150,0.0083831
4,99929,49248,8,0.0162443,-65,0.0423415
5,253165,137524,6,0.00436287,-45,0.214621
1,166,73,2,2.73973,-70,0.0001334
2,2267,1051,3,0.285442,-85,0.0014677
3,5209,2367,0,0,-85,0.0036915
4,85318,39394,5,0.0126923,-75,0.113832
5,779464,334321,72,0.0215362,-110,0.946831
1,404,195,0,0,40,0.0002185
2,2660,850,0,0,40,0.0083269
3,30190,14233,0,0,135,0.0253941
4,589149,277288,18,0.00649145,175,0.659873
5,1240254,565984,7,0.00123678,160,2.34511
1,143,70,0,0,240,7.1e-05
2,1562,494,3,0.607287,110,0.002611
3,2424,1044,1,0.0957854,230,0.0016385
4,88530,27308,8,0.0292954,150,0.139392
5,176559,66722,9,0.0134888,190,0.19359
1,202,62,3,4.83871,60,0.0002301
2,2362,954,10,1.04822,-60,0.0020088
3,16624,5547,16,0.288444,-50,0.0169081
4,80277,29430,23,0.0781515,-100,0.0781745
5,692439,255011,17,0.00666638,-105,0.646879
1,426,145,3,2.06897,30,0.0004241
2,1613,483,3,0.621118,-25,0.002109
3,43318,18151,12,0.0661121,5,0.0300133
4,107727,40241,5,0.0124251,-30,0.121866
5,1268403,525675,31,0.00589718,-5,0.949013
1,165,81,0,0,135,8.05e-05
2,3214,1120,2,0.178571,25,0.0049831
3,11876,4098,8,0.195217,105,0.0192893
4,331526,123345,12,0.00972881,70,0.636085
5,771158,204146,21,0.0102868,115,2.04223
1,180,66,2,3.0303,0,0.000163
2,1244,542,5,0.922509,45,0.0008968
3,1945,968,4,0.413223,140,0.0020195
4,13244,6050,3,0.0495868,230,0.0071634
5,282159,117430,28,0.023844,285,0.34047
1,132,62,1,1.6129,-240,8.2e-05
2,906,301,4,1.3289,-230,0.0009248
3,4630,1855,1,0.0539084,-265,0.0035615
4,33316,12464,4,0.0320924,-260,0.0310436
5,68246,25753,4,0.0155322,-260,0.063058
1,101,47,0,0,-60,6.83e-05
2,196,113,1,0.884956,-100,0.0002146
3,829,216,2,0.925926,-90,0.0009002
4,6563,3058,1,0.0327011,-215,0.0040039
5,29166,12703,9,0.0708494,-160,0.0245995
1,143,65,0,0,-50,8.47e-05
2,647,204,2,0.980392,-65,0.000603
3,9026,4066,2,0.0491884,-60,0.004258
4,72960,31429,12,0.0381813,-125,0.0552323
5,354986,162746,15,0.00921682,-90,0.199784
1,308,131,0,0,-145,0.0003479
2,813,273,0,0,-145,0.0019537
3,21212,8528,2,0.0234522,-150,0.0260327
4,134826,51021,12,0.0235197,-190,0.244237
5,1042610,441239,18,0.00407942,-155,1.11376
1,218,64,1,1.5625,-210,0.0002479
2,877,269,7,2.60223,-280,0.0009895
3,8840,3707,0,0,-280,0.0057225
4,30026,11344,7,0.0617066,-305,0.0293399
5,178935,73813,7,0.00948342,-320,0.144476
1,89,43,0,0,325,5.19e-05
2,368,114,0,0,360,0.0005485
3,2272,1039,0,0,360,0.0011552
4,15081,5638,5,0.0886839,350,0.0164893
5,25492,9359,4,0.0427396,385,0.0258726
1,219,95,3,3.15789,-240,0.0001475
2,694,225,2,0.888889,-310,0.001118
3,10007,4730,1,0.0211416,-280,0.0045155
4,29759,10809,0,0,-240,0.129935
5,72403,25660,5,0.0194856,-220,0.113167
1,1441,643,3,0.466563,-20,0.0009122
2,3322,797,3,0.376412,-80,0.0045683
3,119962,58070,7,0.0120544,5,0.0703945
4,529662,262976,7,0.00266184,85,0.310815
5,743356,271995,7,0.00257358,100,0.988789
1,804,398,2,0.502513,-50,0.000314
2,11473,4512,9,0.199468,-20,0.032629
3,26293,11673,8,0.0685342,-10,0.0237475
4,833633,382975,24,0.00626673,-30,1.08974
5,7203768,2713600,37,0.0013635,-10,13.006
1,342,85,0,0,-150,0.0006172
2,772,196,1,0.510204,-160,0.0012286
3,14011,5709,7,0.122613,-160,0.0117539
4,34786,10231,4,0.0390969,-180,0.0556387
5,317500,128588,13,0.0101098,-190,0.294016
1,123,60,0,0,130,6.84e-05
2,798,298,3,1.00671,145,0.00086
3,4691,2185,0,0,150,0.0021418
4,14372,5575,5,0.0896861,60,0.0347013
5,79340,32209,7,0.0217331,75,0.0539777
1,174,59,3,5.08475,95,0.0001957
2,2209,803,9,1.1208,120,0.0025084
3,9010,3260,9,0.276074,130,0.0105338
4,187262,81648,37,0.0453165,165,0.169501
5,173074,65364,3,0.00458968,130,0.240664
1,561,279,0,0,140,0.0002505
2,2698,1143,5,0.437445,55,0.0047847
3,78222,37390,5,0.0133726,95,0.044377
4,187028,88270,5,0.00566444,60,0.263408
5,5486700,2537258,15,0.000591189,50,3.84508
1,98,47,0,0,410,5.73e-05
2,293,93,1,1.07527,395,0.0003022
3,660,281,2,0.711744,420,0.0003927
4,5083,2222,4,0.180018,390,0.0047014
5,15686,5069,5,0.0986388,415,0.0151408
1,151,67,0,0,-190,0.0001049
2,289,108,0,0,-175,0.0002515
3,8078,3793,3,0.0790931,-230,0.0039694
4,13829,5217,2,0.0383362,-230,0.0116171
5,141157,60025,13,0.0216576,-305,0.0847186
1,232,99,1,1.0101,90,0.0002408
2,687,192,2,1.04167,30,0.001663
3,23379,9429,5,0.0530279,-25,0.0198664
4,37466,10756,0,0,-25,0.0579257
5,709555,304862,58,0.019025,-70,0.495454
1,113,55,0,0,55,6.25e-05
2,1069,255,1,0.392157,-50,0.0034687
3,9401,3700,8,0.216216,10,0.0101126
4,59416,21601,8,0.0370353,-50,0.0919849
5,410490,153733,37,0.0240677,-60,0.599905
1,603,299,0,0,130,0.000244
2,2277,812,4,0.492611,60,0.0048302
3,84480,39624,5,0.0126186,70,0.0548362
4,346829,143938,3,0.00208423,70,0.519105
5,2292140,998525,39,0.00390576,120,4.04598
1,604,294,3,1.02041,140,0.0002819
2,5339,2165,3,0.138568,70,0.0085273
3,155484,76569,6,0.00783607,100,0.0838479
4,637251,217577,6,0.00275764,95,1.05903
5,1256327,562560,8,0.00142207,150,1.17284
1,294,123,3,2.43902,10,0.000268
2,782,250,0,0,10,0.0016309
3,41640,18226,20,0.109733,-30,0.0383864
4,138920,46196,5,0.0108234,-75,0.304402
5,1544199,667392,25,0.00374592,-50,1.65736
1,137,65,2,3.07692,-80,7.23e-05
2,781,265,1,0.377358,55,0.001656
3,872,279,0,0,55,0.0009286
4,19687,8464,20,0.236295,50,0.0164
5,178928,73347,36,0.0490818,-10,0.191956
1,373,114,1,0.877193,50,0.0004855
2,3242,866,9,1.03926,10,0.005082
3,37882,11241,23,0.204608,20,0.0502789
4,189646,53042,30,0.056559,-15,0.295963
5,705370,258598,12,0.00464041,15,0.744106
1,962,390,1,0.25641,20,0.0012525
2,5799,1944,7,0.360082,45,0.0155336
3,39437,18240,4,0.0219298,80,0.0284674
4,225564,94701,5,0.00527978,40,0.534453
5,968256,374124,4,0.00106916,85,1.95132
1,151,51,2,3.92157,-130,0.000296
2,1334,517,3,0.580271,-110,0.0016448
3,5744,1959,3,0.153139,-50,0.0082192
4,45538,19984,8,0.040032,-30,0.0429516
5,61081,26343,1,0.00379607,-30,0.0797468
1,811,404,0,0,220,0.0003623
2,1687,473,1,0.211416,130,0.0042463
3,194200,96130,3,0.00312077,130,0.0910821
4,511900,148428,10,0.00673727,150,0.75839
5,880124,369446,12,0.00324811,200,0.9024
1,871,341,2,0.58651,-30,0.0006746
2,1576,498,0,0,-30,0.002239
3,173841,85793,0,0,-50,0.076117
4,443663,139522,9,0.0064506,-30,0.713345
5,1168349,472136,19,0.00402426,30,1.37712
1,502,245,0,0,75,0.0002531
2,2055,491,3,0.610998,15,0.0032127
3,80874,37779,3,0.00794092,-45,0.0475215
4,223966,60261,4,0.00663779,-20,0.440251
5,2577248,1170878,6,0.000512436,0,1.57577
1,413,185,0,0,-80,0.0002347
2,1187,363,3,0.826446,-160,0.001647
3,23636,10898,0,0,-160,0.01239
4,62336,25044,19,0.0758665,-205,0.0817676
5,567710,216955,18,0.00829665,-210,0.518235
1,257,123,1,0.813008,105,0.0001331
2,2197,678,6,0.884956,135,0.003537
3,16512,7440,5,0.0672043,165,0.009859
4,183878,74639,13,0.0174172,180,0.203351
5,308019,110187,36,0.0326717,240,0.408474
1,125,56,0,0,280,9.5e-05
2,539,135,2,1.48148,210,0.0010758
3,6556,1957,13,0.664282,170,0.0111269
4,59013,20336,14,0.0688434,160,0.0947719
5,275683,95367,23,0.0241174,175,0.651913
1,305,134,1,0.746269,170,0.000261
2,768,250,1,0.4,180,0.001528
3,3519,1651,4,0.242277,255,0.0029446
4,36782,17819,6,0.0336719,-30,0.0712192
5,175254,76308,8,0.0104838,-10,0.197249
1,97,46,0,0,315,6.4e-05
2,356,106,4,3.77358,290,0.0004493
3,4059,1741,3,0.172315,190,0.0026436
4,15201,5043,5,0.0991473,180,0.0165508
5,49743,20404,1,0.004901,180,0.0339573
1,156,57,0,0,-50,0.0001564
2,689,275,0,0,-100,0.0006473
3,5901,2803,0,0,-35,0.0033466
4,67114,30245,6,0.019838,-50,0.0774472
5,143697,59688,11,0.0184292,-45,0.266962
1,148,58,2,3.44828,-50,0.0001165
2,1131,473,0,0,-50,0.0007715
3,13080,4501,5,0.111086,-80,0.0144909
4,69791,29796,2,0.00671231,-85,0.0672331
5,377224,178759,2,0.00111882,-85,0.265291
1,277,137,0,0,-50,0.0001377
2,1432,184,1,0.543478,-100,0.0071714
3,73046,34493,5,0.0144957,-95,0.0380675
4,112074,41527,28,0.067426,-130,0.130616
5,8677074,4143124,18,0.000434455,-170,4.56319
1,159,78,0,0,180,8e-05
2,1793,609,0,0,50,0.0083384
3,16007,7095,5,0.0704722,80,0.0137642
4,377409,166302,14,0.00841842,70,0.334433
5,1977071,615105,12,0.00195089,100,2.49537
1,66,31,0,0,-115,4.49e-05
2,161,63,0,0,-200,0.0001197
3,1184,548,0,0,-140,0.0005575
4,3665,1304,6,0.460123,-110,0.0043059
5,10070,3839,9,0.234436,-140,0.0063776
1,292,121,3,2.47934,125,0.0002028
2,1083,473,2,0.422833,20,0.000701
3,17422,7803,13,0.166603,85,0.0106842
4,70010,27777,8,0.0288008,15,0.0672017
5,304298,132069,17,0.0128721,45,0.275593
1,148,66,0,0,165,0.0001098
2,1835,361,10,2.77008,255,0.0031385
3,9235,3541,12,0.338887,180,0.0085778
4,78847,25895,8,0.030894,130,0.0955504
5,136422,51886,3,0.00578191,175,0.114817
1,157,77,0,0,-45,7.65e-05
2,803,323,4,1.23839,-165,0.0010037
3,12339,5551,15,0.270222,-235,0.012155
4,27963,11671,10,0.0856825,-260,0.0362317
5,144696,63178,26,0.0411536,-350,0.107665
1,237,117,0,0,140,0.0002115
2,1527,573,0,0,10,0.0082238
3,23837,10527,15,0.142491,40,0.0178236
4,300664,139588,8,0.00573115,10,0.211215
5,1083696,481324,9,0.00186984,20,1.16663
1,523,201,3,1.49254,80,0.0007232
2,1945,652,2,0.306748,-10,0.0045678
3,90411,40418,10,0.0247415,45,0.102269
4,295887,94297,5,0.0053024,20,0.946469
5,5886495,2761190,32,0.00115892,20,4.5234
1,153,71,1,1.40845,140,8.97e-05
2,5672,1174,6,0.511073,95,0.0143601
3,18155,5643,2,0.0354421,105,0.032008
4,684586,228176,48,0.0210364,80,1.16763
5,917222,240762,24,0.00996835,120,2.07663
1,660,319,5,1.5674,65,0.0003301
2,1653,431,1,0.232019,-5,0.0034004
3,126564,57207,16,0.0279686,-65,0.0820516
4,274408,102906,6,0.00583056,-105,0.576524
5,2268761,998932,10,0.00100107,-35,1.73993
1,159,66,3,4.54545,375,0.0001231
2,2384,1100,7,0.636364,330,0.0016449
3,7158,3486,1,0.0286862,310,0.0038679
4,75716,29831,4,0.0134089,275,0.158423
5,189325,84241,0,0,275,0.196324
1,147,67,2,2.98507,-50,7.75e-05
2,1201,452,2,0.442478,-60,0.0016428
3,11911,5551,6,0.108089,-50,0.0071218
4,509196,244621,28,0.0114463,-20,0.286986
5,208688,94874,4,0.00421612,0,0.211132
1,84,32,2,6.25,-115,8.62e-05
2,270,82,4,4.87805,0,0.0003563
3,1488,635,0,0,0,0.0009074
4,3999,1822,6,0.329308,0,0.0042133
5,12616,4228,7,0.165563,0,0.0139389
1,140,67,0,0,-30,7.76e-05
2,3316,1545,4,0.2589,-60,0.002197
3,9742,4351,1,0.0229832,-60,0.0062075
4,541739,261220,19,0.00727356,-70,0.469876
5,2648652,829444,23,0.00277294,-60,4.87168
1,464,202,3,1.48515,30,0.0003975
2,1642,417,1,0.239808,30,0.0041806
3,37279,17196,2,0.0116306,30,0.0255642
4,164105,54939,6,0.0109212,155,0.370161
5,167298,56677,1,0.00176438,190,0.446444
1,136,62,1,1.6129,120,0.0001008
2,3800,1122,10,0.891266,220,0.0134651
3,2010,533,0,0,220,0.007115
4,485617,239667,6,0.00250347,230,0.252931
5,145388,75101,3,0.00399462,215,0.339498
1,266,123,1,0.813008,40,0.0001558
2,2881,998,3,0.300601,75,0.0030915
3,9195,4134,2,0.0483793,105,0.005174
4,394788,157185,18,0.0114515,150,0.329693
5,761318,321911,4,0.00124258,165,0.878051
1,513,255,0,0,130,0.0002392
2,2004,380,2,0.526316,120,0.011483
3,66855,31734,10,0.0315119,140,0.0454384
4,225953,76896,5,0.00650229,180,0.686348
5,1398213,589110,0,0,180,2.11516
1,139,61,1,1.63934,200,9.98e-05
2,417,125,2,1.6,210,0.0004712
3,5312,2524,3,0.118859,170,0.0027325
4,21110,9967,10,0.100331,205,0.0173219
5,31358,11158,6,0.0537731,265,0.0386014
1,456,223,0,0,-5,0.0001997
2,1106,364,1,0.274725,-25,0.0012047
3,33919,16425,3,0.0182648,5,0.0141399
4,153340,63891,21,0.0328685,-10,0.173985
5,2746766,1295742,28,0.00216092,-5,1.26227
1,1196,369,3,0.813008,10,0.0012981
2,2739,592,1,0.168919,-20,0.0040053
3,206408,100681,7,0.00695265,5,0.0969837
4,690751,210840,9,0.00426864,0,0.910905
5,4160778,1814375,16,0.000881846,40,4.5915
1,121,58,1,1.72414,80,6.15e-05
2,607,203,1,0.492611,95,0.000977
3,5117,1799,5,0.277932,100,0.0061717
4,80557,37658,13,0.0345212,145,0.0428036
5,70128,26979,1,0.00370659,145,0.0996086
1,243,117,3,2.5641,135,0.0001112
2,1901,595,7,1.17647,215,0.0058068
3,8234,3784,0,0,215,0.0053405
4,115090,48478,23,0.0474442,235,0.126429
5,218105,89523,12,0.0134044,275,0.394751
1,412,187,2,1.06952,-10,0.0002967
2,4714,1979,3,0.151592,-30,0.004718
3,17850,8663,3,0.03463,30,0.008976
4,71107,35702,2,0.00560193,145,0.0812245
5,185172,72760,5,0.00687191,110,0.294038
1,523,255,2,0.784314,35,0.0002523
2,1610,620,6,0.967742,5,0.002041
3,21838,9981,4,0.0400761,55,0.0137211
4,122234,48041,7,0.0145709,20,0.155997
5,665805,288905,22,0.00761496,60,0.712541
1,215,83,0,0,-75,0.0002686
2,1579,533,4,0.750469,-105,0.002663
3,21911,7290,13,0.178326,-90,0.0334017
4,300023,123194,39,0.0316574,-130,0.330654
5,1244272,362544,32,0.00882651,-45,2.95921
1,121,59,0,0,50,6.71e-05
2,809,359,1,0.278552,160,0.0010789
3,756,451,0,0,160,0.0008798
4,15455,7002,3,0.0428449,65,0.0355404
5,150714,72549,2,0.00275676,10,0.12545
1,170,71,2,2.8169,-10,0.0001377
2,2896,836,8,0.956938,80,0.0035687
3,2609,974,1,0.102669,80,0.0020862
4,95970,36096,18,0.049867,70,0.0879905
5,306012,117115,20,0.0170772,85,0.293116
1,43,20,0,0,230,3.31e-05
2,232,95,1,1.05263,195,0.0001866
3,1259,468,3,0.641026,45,0.0008295
4,6265,2518,9,0.357427,5,0.0046166
5,15841,7265,4,0.0550585,15,0.0067332
1,119,48,3,6.25,60,0.000103
2,799,292,1,0.342466,50,0.0013712
3,5296,2527,1,0.0395726,60,0.003497
4,162376,76909,20,0.0260048,20,0.110312
5,252305,126626,4,0.00315891,35,0.198118
1,249,123,0,0,120,0.0001035
2,941,376,0,0,10,0.006783
3,25173,10895,14,0.128499,15,0.0210911
4,128726,53031,17,0.0320567,-10,0.159857
5,522335,231901,11,0.0047434,10,0.679612
1,181,83,0,0,60,0.000101
2,317,119,0,0,60,0.0002724
3,6662,2970,4,0.13468,60,0.0037854
4,27989,10180,16,0.157171,65,0.0428927
5,778354,365140,84,0.0230049,-5,0.390744
1,798,352,1,0.284091,-10,0.0005376
2,5260,1055,10,0.947867,-60,0.0088015
3,145502,67582,10,0.0147968,-35,0.0816152
4,374821,93623,0,0,-35,0.588145
5,2074573,800766,17,0.00212297,-30,1.92158
1,241,117,0,0,-10,0.0001158
2,819,340,3,0.882353,-10,0.0006546
3,14686,6887,2,0.0290402,20,0.0084991
4,76063,28917,9,0.0311236,-40,0.136328
5,1124733,522200,9,0.00172348,-30,0.634162
1,143,60,1,1.66667,-130,0.0001079
2,1759,766,3,0.391645,-130,0.0011612
3,22923,6421,10,0.155739,-150,0.0276269
4,198983,93448,5,0.00535057,-165,0.112333
5,867397,340142,28,0.00823186,-170,0.745694
1,475,213,2,0.938967,-35,0.0003358
2,1216,346,0,0,-195,0.0020882
3,54112,26042,5,0.0191998,-195,0.0254099
4,54814,37057,3,0.00809564,-245,0.150832
5,788002,289842,22,0.00759034,-275,0.852206
1,55,26,0,0,100,4.65e-05
2,476,201,7,3.48259,-20,0.0004727
3,2403,994,7,0.704225,-160,0.002418
4,15511,6826,16,0.234398,0,0.0182157
5,31619,15423,8,0.0518706,-60,0.0297531
1,168,79,0,0,-40,0.0001092
2,367,141,0,0,-40,0.000409
3,13217,5633,13,0.230783,-110,0.0101865
4,32762,12413,14,0.112785,-110,0.0350408
5,272804,119164,13,0.0109093,-80,0.17151
1,183,85,1,1.17647,135,0.0001005
2,529,166,1,0.60241,140,0.0005868
3,15482,6621,9,0.135931,10,0.0097418
4,47695,13723,12,0.0874444,-120,0.0718951
5,361032,160469,8,0.00498539,-100,0.216266
1,161,37,0,0,-5,0.000274
2,722,295,2,0.677966,-10,0.000565
3,3192,1513,1,0.0660939,-35,0.0025325
4,3954,1736,0,0,-35,0.0066181
5,14679,5179,7,0.135161,125,0.0127549
1,193,95,0,0,-50,9.51e-05
2,223,155,1,0.645161,-100,0.0003779
3,973,264,1,0.378788,-110,0.001733
4,16114,7657,2,0.0261199,-150,0.0073318
5,28606,15169,3,0.0197772,-140,0.0292447
1,117,55,1,1.81818,-370,0.0002138
2,433,241,0,0,-370,0.0004777
3,1479,445,5,1.1236,-285,0.0026126
4,38609,18590,1,0.00537924,-280,0.0214406
5,115484,37700,19,0.0503979,-350,0.275268
1,611,256,1,0.390625,-50,0.000394
2,5509,2508,8,0.318979,-100,0.0033472
3,96276,45131,7,0.0155104,-95,0.0471224
4,383573,184947,5,0.00270348,-150,0.30616
5,6889777,2834049,37,0.00130555,-140,4.96796
1,65,31,0,0,85,4.11e-05
2,378,115,0,0,110,0.0007753
3,1445,573,5,0.8726,160,0.001175
4,17647,7665,14,0.182648,220,0.0125857
5,44103,22085,25,0.113199,220,0.0546998
1,175,85,0,0,90,9.2e-05
2,2095,496,9,1.81452,170,0.002821
3,3944,1669,8,0.479329,210,0.0023978
4,22003,9431,8,0.0848266,265,0.0154655
5,141347,45182,10,0.0221327,220,0.149407
1,533,263,0,0,185,0.0002322
2,1195,430,3,0.697674,205,0.0021156
3,32780,15408,1,0.00649013,140,0.0195065
4,85052,31975,1,0.00312744,145,0.182763
5,853186,379446,0,0,145,0.69908
1,231,48,4,8.33333,-350,0.0003778
2,391,129,1,0.775194,-350,0.0004005
3,7033,2368,3,0.126689,-370,0.0069605
4,30034,12000,9,0.075,-375,0.0248434
5,197990,78697,26,0.0330381,-400,0.157859
1,117,57,0,0,-25,7.92e-05
2,1639,758,1,0.131926,-100,0.0015162
3,7711,3309,12,0.362647,-25,0.0054856
4,174907,79639,21,0.026369,-70,0.155484
5,203812,75721,3,0.00396191,-50,0.286902
1,237,117,0,0,140,0.0001057
2,3056,960,7,0.729167,75,0.0044515
3,18370,8558,7,0.0817948,130,0.0093206
4,91291,31585,6,0.0189964,85,0.142032
5,308086,126850,8,0.00630666,155,0.280484
1,253,125,0,0,40,0.0001041
2,1192,499,1,0.200401,-50,0.003442
3,24055,10596,14,0.132125,20,0.0177209
4,109176,43176,12,0.0277932,-10,0.13466
5,1625800,685055,29,0.00423324,-30,1.6874
1,189,72,1,1.38889,-10,0.0002111
2,6006,1959,5,0.255232,-30,0.010521
3,11964,4915,3,0.0610376,-10,0.0137725
4,141911,44746,3,0.00670451,-10,0.226887
5,833257,289213,23,0.00795262,30,1.72755
1,198,72,0,0,150,0.0002245
2,801,131,0,0,150,0.0018436
3,26465,4717,14,0.296799,70,0.0447751
4,67433,14954,12,0.0802461,50,0.108096
5,396613,98296,32,0.0325547,90,0.582882
1,187,65,1,1.53846,-5,0.0002068
2,368,99,1,1.0101,-25,0.0005259
3,7281,3435,0,0,-25,0.0031752
4,17980,5861,4,0.0682477,25,0.0226088
5,127537,54677,11,0.0201181,-25,0.0801604
1,785,388,3,0.773196,40,0.0003506
2,3022,949,7,0.737619,-50,0.0082554
3,51886,24044,13,0.0540675,10,0.0307152
4,256629,105264,23,0.0218498,20,0.273718
5,1497034,647315,17,0.00262623,50,1.62813
1,640,308,1,0.324675,-15,0.0003182
2,2003,570,5,0.877193,-50,0.0023837
3,82286,35909,25,0.0696204,-50,0.0614056
4,364263,92450,11,0.0118983,-80,0.808192
5,7031301,3142574,26,0.000827347,-70,5.99928
1,119,58,0,0,140,5.8e-05
2,777,286,0,0,50,0.0017536
3,8390,3378,0,0,50,0.0071907
4,53064,21978,4,0.0182,10,0.0456324
5,695543,281371,71,0.0252336,0,0.608329
1,81,39,0,0,540,5.5e-05
2,605,254,0,0,610,0.0012932
3,887,476,1,0.210084,715,0.0007752
4,5777,2231,0,0,565,0.0066666
5,46155,20955,6,0.0286328,585,0.0508167
1,227,112,0,0,175,0.0001146
2,1532,499,3,0.601202,90,0.0025072
3,14376,6524,6,0.0919681,160,0.008266
4,105508,39377,23,0.0584097,155,0.139628
5,138512,57676,1,0.00173382,190,0.154666
1,432,141,4,2.83688,-70,0.0006268
2,1622,656,7,1.06707,-130,0.0017132
3,26383,12233,3,0.0245238,-100,0.0178199
4,82371,25920,9,0.0347222,-130,0.145948
5,411815,169173,4,0.00236444,-110,0.365467
1,85,35,2,5.71429,80,9.62e-05
2,903,344,11,3.19767,125,0.0010295
3,1884,856,0,0,125,0.0010744
4,14868,6051,2,0.0330524,135,0.0115209
5,47923,19032,23,0.120849,130,0.0416328
1,125,61,0,0,15,6.67e-05
2,704,234,3,1.28205,5,0.0009712
3,3299,1376,7,0.508721,45,0.003112
4,16212,6482,3,0.046282,10,0.0180404
5,30412,12445,8,0.0642828,70,0.0455417
1,151,71,2,2.8169,45,0.0001126
2,3984,1810,5,0.276243,-60,0.0035166
3,17403,5786,9,0.155548,-55,0.0323189
4,121230,55695,2,0.00359099,-55,0.157441
5,277772,139763,6,0.00429298,-75,0.332416
1,153,75,0,0,30,6.81e-05
2,566,221,1,0.452489,-20,0.0004966
3,4089,1766,2,0.11325,-70,0.003165
4,18947,6945,0,0,-70,0.0917629
5,84309,35403,0,0,-70,0.0692675
1,80,37,0,0,-260,6.34e-05
2,119,72,0,0,-260,0.0001225
3,1135,369,4,1.08401,-265,0.0012395
4,2547,914,13,1.42232,-295,0.0030207
5,14175,6203,18,0.290182,-325,0.0072663
1,970,355,1,0.28169,-50,0.0016767
2,2417,901,5,0.554939,-55,0.0048755
3,204395,66850,17,0.0254301,-130,0.467882
4,150418,72093,5,0.00693549,-120,0.284586
5,6064854,2871885,9,0.000313383,-130,3.82859
1,231,113,0,0,-90,0.0001378
2,2139,946,2,0.211416,-130,0.0016611
3,20217,8074,4,0.0495417,-140,0.022449
4,237069,109180,5,0.00457959,-160,0.178501
5,1116232,498125,3,0.000602258,-180,0.748783
1,343,95,6,6.31579,-100,0.0004329
2,575,153,1,0.653595,-100,0.0008361
3,9499,4052,3,0.0740375,-100,0.005992
4,53187,18282,16,0.0875178,-190,0.0601794
5,387546,162663,15,0.00922152,-180,0.271087
1,79,38,0,0,120,4.9e-05
2,1254,581,4,0.688468,85,0.0009984
3,3730,1707,0,0,85,0.0019112
4,44763,19769,10,0.0505842,80,0.0406923
5,69022,27625,2,0.00723982,110,0.0685388
1,624,272,4,1.47059,-145,0.0005674
2,2457,741,1,0.134953,-105,0.0051687
3,64213,30921,0,0,-105,0.0345511
4,237308,106658,23,0.0215643,-90,0.559686
5,1208200,508339,0,0,-90,1.09222
1,219,51,5,9.80392,-95,0.0003128
2,326,110,0,0,-95,0.0003826
3,7527,3056,8,0.26178,-40,0.0060989
4,26016,9079,15,0.165216,-110,0.0284083
5,104194,45154,17,0.0376489,-110,0.0840612
1,1094,361,3,0.831025,120,0.0030115
2,4012,1650,1,0.0606061,0,0.0098496
3,301283,142213,17,0.0119539,50,0.234069
4,1454231,553706,38,0.00686285,5,2.24644
5,23649378,11493125,46,0.000400239,20,12.6711
1,108,51,0,0,30,7.43e-05
2,3181,1415,3,0.212014,40,0.0026738
3,4340,1997,0,0,40,0.0024002
4,121753,59415,0,0,90,0.0555025
5,172452,77888,9,0.0115551,110,0.566249
1,624,178,1,0.561798,-155,0.0005945
2,720,211,2,0.947867,-170,0.0007251
3,8075,3668,2,0.0545256,-30,0.0047535
4,57863,27188,9,0.0331028,-60,0.0333207
5,264917,113641,26,0.0228791,-80,0.196285
1,246,86,2,2.32558,120,0.0002055
2,4518,1162,6,0.516351,90,0.0055725
3,29127,8790,5,0.0568828,80,0.0308165
4,477701,198046,4,0.00201973,95,0.375166
5,1778787,544495,20,0.00367313,85,2.0468
